pop,M_loan_ep100,M_loan_ep500,M_loan_ep1000,M_loan_ep1500,M_loan_ep2000,M_loan_ep2500,M_loan_ep3000,F_loan_ep100,F_loan_ep500,F_loan_ep1000,F_loan_ep1500,F_loan_ep2000,F_loan_ep2500,F_loan_ep3000
0.0,0.0,0.0,0.0,0.0,0.0,0.0,0.0,0.0,0.0,0.0,0.0,0.0,0.0,0.0
8.333333333333333e-05,0.0,1.4932255799094036e-05,3.588882611068739e-05,4.415272274898772e-05,4.960492613486599e-05,5.264166566757028e-05,5.42759089550958e-05,0.0,2.6297259646209524e-05,3.850124227104912e-05,3.820092233772493e-05,4.299839678113052e-05,4.669919727403126e-05,5.002702441652241e-05
0.005083333333333333,0.0,0.0014819236808212245,0.00276176016467615,0.0032494418421752528,0.0034593131916544144,0.003543108120502876,0.003618652403789173,4.9303142173426805e-05,0.002183814673800842,0.0028843080525297682,0.0028397466848922295,0.0030806840580382814,0.0032857573398234565,0.0034361793240237247
0.010083333333333333,0.0,0.003253134894639913,0.005777704538184127,0.006677410538235867,0.007057519226736056,0.00720085685776637,0.007332299186871287,0.0001751465926012158,0.004649584761221615,0.005993706322932064,0.005884827085216074,0.006343207709404207,0.0067264002280126465,0.007004351521611424
0.015083333333333334,0.0,0.0051650957360295175,0.008929310290095782,0.01020452542027368,0.010741485827652317,0.01092950325646958,0.011110956437828749,0.00040548019781101887,0.007249052192051436,0.009227921332048469,0.009040679223328945,0.009708552140408054,0.01026108747867102,0.01065393710548111
0.020166666666666666,0.0,0.007235738039641973,0.012236397868518925,0.013862884289172614,0.014545486531017782,0.014772647053344173,0.015000213393789688,0.0006457654843933815,0.009983357003564312,0.012611285537267864,0.012331048671303045,0.013206225839532734,0.013916493466328636,0.014420905149406457
0.025166666666666667,0.0,0.009342077739481102,0.01555331260660511,0.01751579398140771,0.018334820947138702,0.018592637227779037,0.018862899010389178,0.0008821116679170171,0.012742196473562154,0.01601294800992716,0.015631502461819984,0.016707150136374315,0.01756297374742053,0.018170520140104306
0.030166666666666668,0.0,0.01149655691912069,0.018945554491978107,0.02121390162262287,0.02215907246129074,0.022444786607322926,0.022755228990851924,0.0011184578514406528,0.015559421338839221,0.01946673114034135,0.018984896728193607,0.02025268486975282,0.021248978169650573,0.021957123498721847
0.03525,0.0,0.013778198458579888,0.02243882428368982,0.02501971182425841,0.026080991629840105,0.02638874288704702,0.02673647591204407,0.0013635532006740815,0.018492787404463702,0.023040987426096532,0.0224409455284297,0.023901582802929963,0.025033188519103616,0.025837300788426172
0.04025,0.0,0.016084765775312183,0.02591988954195586,0.02879249425722504,0.029965700391308935,0.030294905871767107,0.03067571815119024,0.0016965954716948155,0.021410942238204146,0.026592398797528484,0.025877706937327362,0.027520520049639046,0.02878461386974902,0.029682549511461164
0.04525,0.0,0.018423481322122022,0.02944172938035102,0.032602435839287264,0.033877110932774415,0.03422218161428234,0.03463361283142797,0.002097136898976096,0.024375579152303335,0.030193377969654368,0.02935154400984778,0.031172695123416794,0.03256685489768303,0.03355325877322134
0.05025,0.0,0.02080953914232195,0.03300923801333792,0.03644153268529907,0.037810998528224976,0.038168755840139255,0.0386079987728086,0.002497678326257377,0.02737647548485082,0.03383093142085843,0.03285785955812777,0.03485256015862872,0.03637284703128279,0.03744400117160496
0.05533333333333333,0.0,0.023287130817754256,0.036671093341683225,0.040367154404181205,0.04183122400712138,0.04220294102985585,0.042667272480076776,0.0029048954439933453,0.030474496171719802,0.03755439476190877,0.036451307506535906,0.038618572905291415,0.04026689885476103,0.041421776226542466
0.060333333333333336,0.0,0.02575631619434382,0.04029663824603532,0.044252405180181476,0.04580605025354346,0.04618657542786472,0.04667414121903413,0.0033054368712746264,0.03355537391204701,0.041269722377075976,0.040014860365470584,0.04235145202035355,0.04411847414352887,0.04535353120048595
0.06533333333333333,0.0,0.028244661725680038,0.04395690293714284,0.048164367242457665,0.04979922286776786,0.05018784288134216,0.05069598069483616,0.0037059782985559065,0.036672368929447315,0.04500901023391381,0.043611979959878124,0.046106008090800746,0.047987613519057976,0.049301092130313154
0.07041666666666667,0.0,0.030823346387219674,0.047711011378066326,0.052156029334868514,0.05387850025077874,0.05426982443515098,0.05479884482349791,0.004113195416291876,0.03986265292245606,0.04883400816095989,0.04728904896430692,0.04994283983093937,0.051938501262044114,0.05333362900423087
0.07541666666666667,0.0,0.03341329642228426,0.05143120621542161,0.05611143524921434,0.0579071773498366,0.05829875624535399,0.05884607180415543,0.004513736843573156,0.04302751656219772,0.05261845408653567,0.05093042537979513,0.05374003905094166,0.055845506557227156,0.057318069807707386
0.08041666666666666,0.0,0.036032793078573974,0.05517635572508134,0.06008206407188603,0.06195022832974898,0.06234133054407046,0.06290737098031302,0.004914278270854437,0.04622871715030703,0.056447755638456165,0.05459474186407498,0.057556939783803454,0.059769404266510937,0.061314032729231846
0.0855,0.0,0.03873119537436152,0.0590064381366782,0.0641346189569561,0.0660804961685014,0.06646575659937673,0.06704748812058983,0.005321495388590405,0.04951986543410095,0.06036151360376444,0.05834353384453668,0.06145692286418027,0.0637718255161688,0.06539187072492571
0.0905,0.0,0.04139240357047112,0.06278616793551803,0.06814589694315344,0.070156700618316,0.07053356586637824,0.07112917538073252,0.005722036815871686,0.05277615520986051,0.06422181861226409,0.062052491323115924,0.06530708568693695,0.06772674387889602,0.06941564029329125
0.0955,0.0,0.044096529304048726,0.0665997933126653,0.07217523988676192,0.07424383508427271,0.07461272997987356,0.07522301565520545,0.006183906541954058,0.05604795010430967,0.06811854707401606,0.06577360863283459,0.06918163341281089,0.0716954684817071,0.07345510173765965
0.1005,0.0,0.04680754057278394,0.07044680397268398,0.07621546635115914,0.078345121535029,0.07870703663776563,0.07932671240219541,0.00665659890900133,0.05935460280849393,0.07203704193087175,0.06952312893210193,0.07306731043607677,0.07567858641187888,0.07750304312982585
0.10558333333333333,0.0,0.04959628244014334,0.07437737433475722,0.0803347362413512,0.0825312396883636,0.0828779784830921,0.08350891122894,0.007137169482166056,0.06273867519303988,0.07603531411070434,0.07335269898530719,0.07703521897916006,0.07974039348002018,0.08163206850053215
0.11058333333333334,0.0,0.05236515931173462,0.0782527539653518,0.08441760004437188,0.0866570050852985,0.08699255464563878,0.08763121803692472,0.007609861849213325,0.06607901817059472,0.07999104420609346,0.07713538825101375,0.08095110044303586,0.08375212997486241,0.0857078322993502
0.11558333333333333,5.775547774609248e-05,0.05514059927810635,0.08214114914635698,0.08850529973539409,0.09079724475686567,0.09111574599447038,0.09176523955249004,0.008125508224790037,0.06944690427846675,0.08397526852179046,0.08093870768120331,0.08488469664731099,0.0877765339831907,0.08979176839295598
0.12066666666666667,0.00027794823665307005,0.05799205732244719,0.08611029386893632,0.09266395512753581,0.09501790423536968,0.09531893367581398,0.09597679602155652,0.00869965717367961,0.07288711049988669,0.08803583380361132,0.08482111528484723,0.08890118498253372,0.09188072445324305,0.09395787877671502
0.12566666666666668,0.0004945312782009168,0.060868169143651465,0.09004534330786575,0.09678965153841962,0.09918149587478639,0.09946544172261167,0.10012792733858045,0.009264393844718537,0.07630377269552954,0.09204252385477518,0.08866544964699713,0.09286122303484085,0.09592926818146305,0.09806286727741259
0.13066666666666665,0.0007111143197487637,0.06377173832919647,0.09401864057172299,0.10092482445606683,0.10335509337506044,0.10361573175009613,0.10428555895097849,0.009829130515757461,0.07975290924696214,0.09608356137213271,0.09252000037291655,0.09683841610094748,0.09998716553848837,0.10218023251803562
0.13575,0.0009313070786557412,0.06672425118375659,0.0980652556681336,0.10513174119573802,0.10760792334310158,0.10785005363697528,0.10852580541403581,0.010403279464647036,0.0832724705594782,0.10020611559893781,0.09645524008486972,0.10089202287852388,0.10412717566583132,0.10638040070484973
0.14075,0.0011478901202035881,0.06964492423851035,0.10206194876393597,0.10928905124210934,0.11180449441858431,0.11202635875371807,0.1127012556455084,0.010968016135685963,0.08673433414555956,0.10427173082215775,0.10033986121045783,0.10489678974804459,0.10821162624188414,0.11051868184036898
0.14575,0.0013644731617514349,0.07260409490757891,0.10606351531052101,0.11346658583203244,0.1160126041514711,0.11620459053514065,0.11688527486636044,0.011532752806724889,0.09020345659730836,0.10836361867344706,0.10423949876707425,0.108915178039555,0.11230713734319338,0.1146657706779443
0.15075,0.0015810562032992817,0.07556326557664747,0.11008169060256459,0.11765111045255465,0.12022754816251087,0.12039684268580222,0.12108022591133394,0.012097489477763814,0.09369001110249242,0.1124701220202152,0.10816382775827124,0.11294570768210663,0.11640983061639913,0.11882555199967784
0.15583333333333332,0.0018012489622062592,0.078582541003728,0.1141836724120402,0.12191721956442798,0.12452710666028459,0.12467104440671109,0.12535163224465573,0.012671638426653389,0.09726716580201013,0.11665487852029328,0.11215993212952838,0.11705465183298351,0.12059186215012044,0.12306316137813914
0.16083333333333333,0.002017832003754106,0.08157130975173096,0.11824152919424491,0.12612885232285306,0.1287686243118392,0.12887845031008668,0.12956046579267735,0.013274051888789,0.10082895194344199,0.1207951923494163,0.11610003281914463,0.12110619890982197,0.12472093868759057,0.12724038712129773
0.16583333333333333,0.0022344150453019527,0.0845855298930164,0.12233029078530736,0.13035049920585304,0.13301498484433444,0.13309480265849788,0.13377814465136464,0.014012681441812622,0.10440883982403892,0.12495311090930428,0.1200604607991502,0.12517750483708584,0.12885768719439064,0.13142935384309923
0.17091666666666666,0.0024546078042089305,0.08768039117673956,0.1264942413382801,0.134653889790906,0.1373408962699972,0.13739497068614984,0.13807407952143033,0.01476362148738664,0.10804839250264578,0.12918976778004118,0.12410651266831596,0.12932406660470122,0.1330715430114889,0.13569409847456065
0.17591666666666667,0.002671190845756777,0.09074336912735234,0.13060548311951609,0.13890076194714868,0.14161087705706013,0.14163116696351027,0.14230552720092396,0.015502251040410262,0.11163076913718584,0.13337078714840436,0.12809635676191303,0.13341931331416695,0.13722911219564904,0.1398956976165629
0.18091666666666667,0.002887773887304624,0.0938151327653999,0.13473018267393377,0.14316359202335982,0.1458868539194701,0.14587312468422917,0.14654630264530405,0.01624859158545301,0.11522392786605014,0.1375665465077898,0.13209751797780284,0.1375190730099638,0.14139604002509798,0.14410746656878826
0.18591666666666667,0.0031043569288524706,0.09690134325570061,0.13887018150804814,0.14742991961231044,0.15017065491209164,0.1501237566292188,0.1507944396721594,0.01721855089905033,0.11883396623807005,0.14178127942857424,0.13611070551717494,0.14163250396803476,0.14557110628344266,0.14833098314576856
0.191,0.0033245496877594483,0.10005518298859155,0.14308610477899916,0.1517783125587738,0.154537781614315,0.15445570126340818,0.1551194003937768,0.018320913574141652,0.12253601031413648,0.1460764348482464,0.14020706092508187,0.14582872674485908,0.14983059968145337,0.1526316771946319
0.196,0.0035411327293072953,0.10319388343200923,0.1472417447173477,0.15606933520728994,0.15884090504252246,0.15872337784643104,0.15938327380241912,0.019550787870690693,0.12620869939845258,0.15032118583623272,0.14425515776195855,0.14996742673515046,0.1540267140891781,0.15686770389933474
0.201,0.003757715770855142,0.10636364406461858,0.15141377343998574,0.16037673295678778,0.1631517352935382,0.16299541105685175,0.1636519044471731,0.020780662167239734,0.12988443264133281,0.15457475993665598,0.1483145641427893,0.15411702197518526,0.15823097629276703,0.16111097842034244
0.20608333333333334,0.00397790852976212,0.10961018292056939,0.15567530159447976,0.1647644671234419,0.1675455257583233,0.1673492381392328,0.16799946424094664,0.022031034368731255,0.1336214281049277,0.15891340954949873,0.15245562665612047,0.1583438530920998,0.1625152689774659,0.16543936218030214
0.21108333333333335,0.004194491571309966,0.11281992345819118,0.15988517304197203,0.16908510780169253,0.1718797112748059,0.17163904146523334,0.1722837626086259,0.0232609086652803,0.13729716134780792,0.16320132217087177,0.15654134740444026,0.16250956062670685,0.16673971312480038,0.16970250269281298
0.21608333333333332,0.004411074612857813,0.11604779063853995,0.1641206614153016,0.17342295089439347,0.1762145615291726,0.17593682104222497,0.17657518481828122,0.02449078296182934,0.14097893590173266,0.16750016622431202,0.16063757909829,0.16669439337891623,0.17097729082680366,0.17396934258064434
0.22116666666666668,0.0046312673717647905,0.1193294556052279,0.16843098062404432,0.177845598235733,0.18063110242641225,0.18031288741882592,0.180945616083891,0.025741155163320865,0.1447776462309041,0.17187924924650766,0.16481961939057277,0.17095581071100296,0.17529169419549256,0.17831938552679727
0.22616666666666665,0.0048478504133126375,0.1225793776614729,0.17268678852281996,0.18220327442369982,0.18499099328173382,0.1846237853060398,0.18524987259677209,0.026971029459869907,0.1485295841377669,0.17619590329843704,0.1689478598197342,0.1751556235437694,0.17954366749902206,0.1826054385235616
0.23116666666666666,0.0050644334548604845,0.12584931885447043,0.17695241025170041,0.18657894607985676,0.18935950952331898,0.18894194674977915,0.18956461736697577,0.028200903756418948,0.15230142949972578,0.18053687571483748,0.17308616019610254,0.17936776954279784,0.1838042880569418,0.18690038622920785
0.23616666666666666,0.0052810164964083315,0.12913774783479068,0.1812258855722937,0.19095998821195836,0.1937292388626742,0.19327132366781935,0.19388463563556946,0.029469129846297848,0.15609518703712155,0.18488963016716872,0.1772369891916067,0.18358726684141002,0.18807503528719197,0.19120038257880081
0.24125,0.005501209255315309,0.13249860137810895,0.18557331024160367,0.19542163459156417,0.19818392681786545,0.1976774626504811,0.19828020819042597,0.030813080423514223,0.1599521738668073,0.1893247137427506,0.18146666605996406,0.18789086677075004,0.1924283273506664,0.19557929936555568
0.24625,0.005717792296863156,0.13582024410662524,0.18986707251455562,0.1998215903973955,0.20257435988436495,0.20201664065182165,0.20261427155543457,0.03213499902405492,0.16374593140420307,0.19369680003581874,0.18564587538915928,0.19213501254284915,0.19671780673981124,0.19989811871840776
0.25125,0.005934375338411003,0.13915110370180547,0.19418175435084567,0.20423838445107792,0.2069737951587492,0.20636944475530483,0.20695660774238744,0.033456917624595614,0.1675428178124262,0.19808523583932783,0.18983952829090406,0.19638922344444273,0.2010110504075382,0.2042203024591461
0.25633333333333336,0.00615456809731798,0.14255617706252827,0.19858592559593535,0.20873961371363664,0.21145579973769163,0.21079858471749086,0.21137322819918164,0.03480086820181199,0.17141293969353777,0.20255501403562898,0.19410793034525503,0.20072132699508427,0.2053858744912611,0.2086228962083206
0.2613333333333333,0.006371151138865827,0.1459297849994435,0.20294427681200133,0.21318013533409275,0.21586971855835735,0.2151587459504142,0.21572528828575094,0.03612278680235269,0.17525059044052388,0.20697167041212233,0.19832144729722395,0.20499275187551103,0.20969886392914047,0.21296046687514192
0.2663333333333333,0.006587734180413673,0.1493043305213274,0.20730780020898038,0.2176252079394836,0.2202923102718212,0.21953107252891407,0.22008694112094687,0.03744470540289337,0.17909435067376636,0.2113987091269424,0.2025489793359571,0.20927703100281309,0.21402430353367002,0.2173066716260094
0.27141666666666664,0.0068079269393206505,0.1527495653208292,0.21174906599237825,0.22214882244171835,0.22479892886532196,0.2239840686010052,0.22452444208310243,0.038788655980109756,0.18302872903794806,0.21591159945476468,0.20685537039390134,0.21364280601647562,0.21842782982687278,0.22173327865659304
0.27641666666666664,0.007024509980868498,0.15614078028762055,0.2161238009922871,0.22661110646518873,0.22923438681839214,0.2283678309621063,0.2288954049742408,0.04011057458065045,0.186921658777462,0.22036164449100162,0.2111128986844502,0.21794659071761696,0.22276534522900387,0.22609315862577253
0.28141666666666665,0.007241093022416345,0.15953900566487147,0.22050495908027914,0.23109253560953352,0.23368034532177626,0.2327558531789161,0.23327356220984424,0.04143249318119115,0.19083344060937335,0.22481677451379745,0.21537607745802023,0.22225967283551135,0.22711042427342698,0.2304597439551948
0.28641666666666665,0.0074576760639641915,0.16296368960382956,0.22490421925065776,0.23558254411800625,0.23813788954963228,0.23715838108458415,0.2376571206878877,0.04275441178173185,0.19474816726088692,0.22928510330002946,0.21964945787807433,0.2265795596735451,0.2314703313321401,0.23483295159400605
0.2915,0.007677868822871169,0.1664861302868051,0.2293895187020179,0.24015417853721513,0.24267767966423123,0.24163927471065888,0.24211962594214032,0.04409836235894822,0.19873637258139684,0.23384435378791307,0.22401066138620157,0.23098851846949636,0.2359095146102658,0.2392877103717593
0.2965,0.007894451864419016,0.17000618900253545,0.23382413230696614,0.24466081553308355,0.24714465696362806,0.24605028007107127,0.24651751695872431,0.04542028095948891,0.20266811308754434,0.2383332513226223,0.22831185127408649,0.23533548969217938,0.24028140689308103,0.24367854036307413
0.3015,0.008111034905966864,0.1735283647655776,0.23826476630767743,0.2491709833741452,0.25162001114629967,0.25046817164763996,0.25091968104888995,0.046742199560029604,0.20660432170992798,0.24284560213230755,0.23263227997485517,0.23968834549705545,0.24465983025876473,0.24807362253293003
0.3065833333333333,0.00833122766487384,0.1771373584768682,0.24278587526115353,0.25376500039991745,0.2561824382088526,0.25497135938597604,0.2554013525028643,0.048086150137245987,0.21062617354418242,0.24744803090768674,0.2370336372906608,0.24412519973660177,0.24912145799897414,0.25255014260620773
0.3115833333333333,0.008547810706421686,0.1806956347014489,0.24723866264472064,0.25830622316383806,0.26067591367142107,0.2594075119268765,0.25981804932945435,0.04943435109794263,0.2145977760414807,0.25198796971707893,0.24137280730156774,0.24849703813532226,0.25352021025777205,0.25695967433210776
0.3165833333333333,0.008764393747969534,0.18425891175950193,0.2517254655618223,0.26285691552045737,0.2651787650034787,0.26384627014472817,0.2642413925088273,0.05101909330004274,0.2185972333195758,0.25653840426095365,0.24572469340278813,0.25288408450270267,0.2579281133504151,0.26137578468163863
0.32158333333333333,0.00898097678951738,0.18783385742899011,0.2562190804224438,0.26741611729921305,0.26968827235823084,0.268291894472987,0.26866921093962187,0.052632695878049265,0.22260486051377049,0.2610888388048284,0.2500928898983629,0.2572826664530785,0.26234001637392057,0.2658012129872142
0.32666666666666666,0.009201169548424358,0.19146838552630313,0.2607917361153902,0.2720587294179989,0.2742776078725859,0.2728210175332579,0.2731762630557674,0.05449399500229757,0.22668351467271322,0.2657179996157873,0.2545482143599576,0.26176092144432717,0.26683202798827776,0.27030507109855684
0.33166666666666667,0.009417752589972204,0.19505735201671043,0.26529221745986037,0.2766306191491974,0.27880094766966057,0.27728642967755407,0.27761723719925546,0.05632478102614837,0.23070218494041606,0.2702772582496268,0.25894147080058205,0.26617371533703577,0.27126239807719355,0.27474114892422136
0.33666666666666667,0.009634335631520052,0.19864847555648985,0.26980944838060006,0.28121611537772073,0.2833349803315923,0.2817545625858794,0.2820635802524536,0.05815556704999917,0.2347309945187507,0.27486407157898496,0.26334410270963055,0.2705958569168923,0.27570167697066555,0.27918382443172024
0.34175,0.009854528390427029,0.20232405763787406,0.2744260985049238,0.285887355729782,0.2879508299805461,0.2863046888901596,0.2865924986516149,0.060016866174247493,0.23882730638198205,0.2795568413741945,0.267839311648792,0.2751081460369574,0.2802225235671149,0.2837070405654346
0.34675,0.010071111431974877,0.20596066012948397,0.2789859262675624,0.2904980094156871,0.2925012193080516,0.29078373554976744,0.2910520238936435,0.06197721169580609,0.2428714651553272,0.2841831602650532,0.2722745286519164,0.2795539866670645,0.2846728851403417,0.2881652285350134
0.35175,0.010486228928274915,0.20960442219464284,0.283548533429165,0.29511630704966096,0.29705597845997456,0.2952735994955349,0.29551394799141545,0.06410698117590566,0.24695141893009528,0.28880947915591176,0.2767164627033913,0.28400745017471957,0.28913626108704793,0.29263052760475783
0.35683333333333334,0.010926614446088872,0.2133351779150602,0.2881934641668801,0.2998212301557167,0.30168788263633034,0.29984474638216446,0.3000600249209865,0.06627224681400687,0.251122660462749,0.29351290336161806,0.28124738769963253,0.28854538237438837,0.29367952360759925,0.2971728021777653
0.36183333333333334,0.011359780529184566,0.21701472791343482,0.29276224849905885,0.3044536639076859,0.3062572536690249,0.30434831978465865,0.3045392035599264,0.06840201629410643,0.2552346954246268,0.2981465664594313,0.2857178069782062,0.29301815887423893,0.2981547874252566,0.30164797768492696
0.36683333333333334,0.011792946612280258,0.22071495701397592,0.29733853191501936,0.3091038580626261,0.3108385546050204,0.30885484393340745,0.3090240947775202,0.07059124438788146,0.2593576056924221,0.30278966830229714,0.29020536075811093,0.2975005589772179,0.3026407674348096,0.3061309959710693
0.37183333333333335,0.012226112695375952,0.22443658102499925,0.30192254900042886,0.3137589014677119,0.3154293811004867,0.31337119566081884,0.31351122724043307,0.07290877791116676,0.26349464988604165,0.30745914390307566,0.2947048802095546,0.30199295844389035,0.3071341291222622,0.3106219310246209
0.3769166666666667,0.012666498213189908,0.22822427657044578,0.30662290653465407,0.31850167625819337,0.3201014687029062,0.3179680578336458,0.31808251317264835,0.07526493699317346,0.26771095311536375,0.3122265960137799,0.29928771659129394,0.30657252959431547,0.3117097879588327,0.3151945374834232
0.3819166666666667,0.0130996642962856,0.23199851327356935,0.3112477783628003,0.32318191491255355,0.3247000696693977,0.3225005802349059,0.32258829256201266,0.07758247051645875,0.2718581366196151,0.31692841719674025,0.30381111567019936,0.3110896802792615,0.3162182864753066,0.3196970267264944
0.3869166666666667,0.013532830379381295,0.2357766184296878,0.31589686522818294,0.3278718042545906,0.32930787691695473,0.32704024741929466,0.3270974541251833,0.07990000403974404,0.2760053201238664,0.3216306204345827,0.3083474284521004,0.31561444444136716,0.3207334625810078,0.32420652974890146
0.392,0.01397321589719525,0.23963091238721984,0.32063251539329396,0.3326543762164056,0.3340063894771166,0.33166317203926365,0.3316889080390627,0.08234053706707642,0.2802265858244993,0.32641119372638927,0.3129723803599614,0.32022223258753496,0.32533253522582817,0.3288001061017774
0.397,0.014406381980290945,0.24343461976112307,0.32529220428129724,0.33737181526432536,0.338637976226591,0.3362169092727726,0.33621382407827904,0.08475011489435338,0.28439706134937476,0.33112486079283865,0.31753779626026013,0.3247668090737227,0.32986915957415786,0.33332489258382514
0.402,0.014839548063386637,0.2472649422052308,0.3299613272709042,0.3420981610363184,0.3432788556045006,0.34078027913124526,0.34074787836574727,0.08715969272163031,0.2885894861268015,0.3358520671259201,0.32211855841615195,0.3293246756508129,0.33441201870925985,0.3378566929009229
0.40708333333333335,0.015279933581200592,0.25117612959392915,0.33472003400476363,0.34691603431849577,0.34800773754022196,0.3454262086794618,0.3453630949201069,0.08960943017936186,0.2928674977896985,0.3406785487347885,0.3267921301331881,0.33396310704604265,0.3390335737374873,0.34247127876743355
0.41208333333333336,0.015713099664296286,0.255040243767246,0.33941451684575846,0.35166355370283686,0.3526677495610064,0.3500083266579418,0.34991094583227117,0.09201900800663883,0.2970818199067393,0.3454395676456749,0.3313963284217506,0.33854079685771216,0.3435886626032883,0.3470158286288457
0.4170833333333333,0.01614626574739198,0.25892019391322485,0.3441121105873092,0.3564294298594081,0.3573412356698465,0.35460009188723135,0.35446921382795754,0.09442858583391577,0.30132638244575716,0.35020619358403576,0.3360178409322086,0.34312971999685116,0.3481515281402093,0.35156607344450924
0.4220833333333333,0.016579431830487674,0.2628001440592037,0.3488150656467185,0.361217161558317,0.3620246814078393,0.35920012100651366,0.3590356154057973,0.0968381636611927,0.3055915902445241,0.3549728195223967,0.340652904891215,0.34772524673973554,0.3527249157668499,0.3561230935808669
0.42716666666666664,0.017019817348301627,0.2667447600409489,0.35360184589516086,0.36610254842609075,0.3667997363649025,0.36388593058812435,0.3636855153026853,0.09932260058301032,0.3099278848399371,0.3598275990986156,0.34538058905738767,0.3524013826681185,0.3573884621463869,0.360767059878375
0.43216666666666664,0.01745298343139732,0.27063980953253297,0.358329609384849,0.3709239281564071,0.3715175686350535,0.3685100548972541,0.36827398590377725,0.10196350817086094,0.31419309263870393,0.3646230480220082,0.35004420129977165,0.35701988658713074,0.3619777296897154,0.3653423793055953
0.43716666666666665,0.017886149514493015,0.2745470448370805,0.3630873340348105,0.37576092558831364,0.3762546735358739,0.37315364243522703,0.372877274898148,0.1046044157587116,0.31845974782493636,0.3694369155482399,0.3547270936990735,0.36164410462492363,0.366571855364605,0.36992099980120063
0.44225,0.01832653503230697,0.2785575827022083,0.3679467263169947,0.38069825968196697,0.3810993518942609,0.3778991644866756,0.3775770870378312,0.10728933847302642,0.3228134892557152,0.3743503387847873,0.3594996673181864,0.36635891808671733,0.37125420695577493,0.37458241374637147
0.44725,0.018759701115402663,0.282512740347942,0.3727319205767784,0.3855766967904425,0.385909806914492,0.38260299999650654,0.3822317342909904,0.10993024606087706,0.32712474858587753,0.37918483903088285,0.3642022163695792,0.37101078957991457,0.37586865176482653,0.37917294042444893
0.45225,0.019192867198498356,0.28648571210807966,0.37752235960403235,0.390469562130333,0.39078593612601104,0.3873553425512235,0.38692601712902974,0.11257115364872769,0.3314490319797019,0.38402347779725704,0.3689202284768441,0.3756701954691989,0.3804953999763576,0.38377719842801084
0.45725,0.01962603328159405,0.29047484233357623,0.38231454688710975,0.39538210526407247,0.39572913195688797,0.3921697277821604,0.39167188934126423,0.11521206123657832,0.33578597967188667,0.3888659880826018,0.37365894495391155,0.38033780540810846,0.38513081311841485,0.3883874447668339
0.4623333333333333,0.020066418799408008,0.29455385661954725,0.38718660395823845,0.4003938287448168,0.40081056178048674,0.39714230471749074,0.396560994169629,0.11789698395089314,0.34021613492191066,0.39379256757757886,0.378489791741513,0.38509594420070536,0.3898453518853512,0.39307980411957116
0.4673333333333333,0.0204995848825037,0.2985804851070612,0.39198208131752105,0.4053333768234483,0.40583850920884723,0.402102814008074,0.40142808508342814,0.1205378915387438,0.34457718808296084,0.3986656732287823,0.3832553513024513,0.389786742182205,0.39449309369761754,0.39770055049115083
0.4723333333333333,0.020932750965599396,0.3026435484163842,0.39679163070432705,0.4102889855207826,0.4108804921542265,0.40710841957952554,0.4063337864893966,0.12317879912659443,0.34893824124401096,0.4035694887862623,0.3880415077564058,0.3944915105412444,0.3991488663596679,0.4023272840722658
0.47741666666666666,0.02137313648341335,0.3067773839597482,0.40170051352367475,0.41533655113431606,0.41602358058138644,0.4122330270737334,0.4113540723582304,0.12593587278067525,0.353371978624412,0.4085617131225597,0.39291703314572224,0.3992848972511768,0.4038984467264686,0.4070417467270618
0.48241666666666666,0.02180630256650904,0.3108683499669926,0.40655888308450583,0.4203087301262075,0.4210988282946443,0.4173087443066539,0.4163335532278964,0.12864893130829186,0.3577349678106255,0.4134720977156391,0.397733849649335,0.4040110135982598,0.40857568799038635,0.4116879121103281
0.48741666666666666,0.022239468649604736,0.31497158418120563,0.4114398363896984,0.42530024881839007,0.42618669687603344,0.42240490948519593,0.4213977465727134,0.1313619898359085,0.3621306060821848,0.41838248230871855,0.40255990373506945,0.4087454881559813,0.41326460482249566,0.4163430980353448
0.4925,0.022679854167418693,0.3191545479834587,0.4164035357039183,0.43037836506419724,0.4313683999889058,0.4276054427376283,0.42662203339727034,0.13412026600565205,0.3666142756257464,0.42338161562169907,0.40748581584260696,0.41357186556010583,0.41803689681373823,0.421080655252602
0.4975,0.023127379401601374,0.323285845878552,0.42129110731529884,0.43539476153166196,0.4364775203569228,0.43273943269227494,0.4317880422348379,0.13687100132436542,0.37105761124632275,0.4283248194032526,0.41235314989540645,0.4183332572055514,0.422739478483216,0.42574824162550434
0.5025,0.02373285529774092,0.3274171437736453,0.42618116101399195,0.4404172263928327,0.44159457028889204,0.437887095169712,0.4369683430500856,0.13975795273396668,0.37551607954703414,0.4332848666067407,0.4172334427216174,0.42310547850787755,0.42745432197640587,0.4304251852727238
0.5075,0.024338331193880465,0.33155624338693734,0.43108906049047,0.4454485066424444,0.44671967615385366,0.4430496557471512,0.4421640865271728,0.14264490414356806,0.3799815404757673,0.4382560601204797,0.4221356827130315,0.4278987029134756,0.43218456847254166,0.4351121306981667
0.5125833333333333,0.02495389835495567,0.3358253584331081,0.4360904148939343,0.4505668424504862,0.4519453055776034,0.44830547366656975,0.44745996602670823,0.14557997140999607,0.38452142575331283,0.44331378086897055,0.4271460948530884,0.4327829377017376,0.43700330353719813,0.439889099349415
0.5175833333333333,0.025559374251095217,0.3400357176233189,0.44101572395074823,0.45561508391405364,0.45709219709810445,0.45348221504925573,0.4526815128053127,0.14846692281959742,0.3889957374244871,0.4482990946718285,0.4320933352738516,0.43760171012277327,0.441757541832157,0.4445988956894357
0.5225833333333333,0.026164850147234762,0.3442493277271719,0.44594249210136516,0.4606826018276581,0.4622458568770355,0.4586697911430287,0.45790935303205893,0.15135387422919871,0.3934748148800528,0.45329788847266067,0.4370663553592369,0.44244565417731685,0.4465285641862521,0.44932237759416827
0.5276666666666666,0.02678041730830997,0.34856094513149616,0.4509709263718766,0.46584132136954937,0.46749624707281684,0.46395942956331016,0.4632347405839619,0.15428894149562672,0.39802854362654466,0.4583876520604898,0.4421551083478657,0.4473979673537286,0.45139583268423705,0.45413937443882635
0.5326666666666666,0.02747744797084614,0.3528196219051337,0.45594060480645854,0.4709241080266957,0.47267119779799804,0.46916771059213636,0.4684789895225966,0.1571758929052281,0.402517724705156,0.4634192822484395,0.4472016504054414,0.45230386958806923,0.4562115338118421,0.45890176567245955
0.5376666666666666,0.028249387078615917,0.35708197172561806,0.4609357970388994,0.4760132529896984,0.4778566525900607,0.47438326415289583,0.4737336666863687,0.1603187970524755,0.40703084811041634,0.4684597263413056,0.45229306617597914,0.45728031291147486,0.4610827665946008,0.46370935023387405
0.54275,0.029201895996676497,0.3614312475661903,0.46602787086975983,0.48119832854129757,0.48313116804102785,0.4796933611691333,0.47908924709651934,0.1637119617577278,0.41164736456216494,0.47359459617589683,0.45750305661027113,0.4624583291551622,0.4661762373291167,0.4687141330332162
0.54775,0.03025798267128535,0.3657092238028187,0.4710403002279427,0.486312287746514,0.4883300788382449,0.4849267020552821,0.48436188497153465,0.16704950081207423,0.4162006293309563,0.4786580286231227,0.46266409807803066,0.4676606545356205,0.4713622491200743,0.4737825974135917
0.55275,0.03154826397417923,0.36999616966374455,0.4760620425665537,0.49143618221898755,0.4935344972841886,0.4901700820350574,0.489640101166553,0.17041618722935142,0.42076193562197284,0.48372167701622404,0.4678575189675378,0.47291683543628127,0.47662498289036304,0.47892322599112447
0.55775,0.03283854527707311,0.3743081641074463,0.4810837849051648,0.49656992968919217,0.49874889072872736,0.4954231637745067,0.4949260264477725,0.1738457705876896,0.4253450511963511,0.4887892327825384,0.4730674196616357,0.47820445339702466,0.481933211960321,0.4841128504345772
0.5628333333333333,0.034150331268348544,0.37872969502572407,0.4861946917462524,0.5017941744295957,0.5040585338283512,0.5007689280083819,0.5003123202358325,0.17733251366866667,0.43000492783998745,0.4939628158141769,0.4783992088464074,0.4836105919367773,0.48736196296363854,0.48943061088439066
0.5678333333333333,0.03544061257124243,0.3831188696092682,0.49123540789695425,0.5069394953773412,0.5092919197094818,0.5060362645101509,0.5056164652483831,0.1807620970270048,0.43459976016892987,0.4990734018263809,0.4836641841128032,0.488947311984843,0.49272713408197977,0.49472268315246126
0.5728333333333333,0.0367308938741363,0.3875306687634895,0.4963041609702542,0.5121045015926088,0.5145303814369868,0.5113128037703525,0.5109310172244899,0.18419168038534295,0.4391968619190112,0.504208747703965,0.48895065019170064,0.4943034380210699,0.4981177461510131,0.5000761940482648
0.5779166666666666,0.038042679865411745,0.39202184528023754,0.5014706630825055,0.5173661661143325,0.5198622795403552,0.5166852857843887,0.5163389201700104,0.18767842346632002,0.44388590568138425,0.5094339393230514,0.49435254581819865,0.49976818576195425,0.5036139443636939,0.5055610755808442
0.5829166666666666,0.03933296116830561,0.39645336846470636,0.5065603487686037,0.5225439370560957,0.5251187712288081,0.5219783972196109,0.5216685400246674,0.19115783740069964,0.4485185257909613,0.5145734720631363,0.49967871450488943,0.5051561328000627,0.5090334738484353,0.5109885416895544
0.5879166666666666,0.04062324247119949,0.40091445034738593,0.5116634617907466,0.5277319286782782,0.5303791014580681,0.5272808580452507,0.5270069401498346,0.19488640421528652,0.4531751858624449,0.5197174131217185,0.5050116605179416,0.5105578841936174,0.5144634949801724,0.5164319155326246
0.5929166666666666,0.04191352377409335,0.40538282506467416,0.5167797999806891,0.5329288592551057,0.5356515662448936,0.5325905527269993,0.5323485490657336,0.1986149710298734,0.45784647492575187,0.5248689594519613,0.5103696129451962,0.5159762638659162,0.5199047103625192,0.5218897193052011
0.598,0.0432253097653688,0.4099419131220687,0.5219915763501122,0.538221059783144,0.5410178457074297,0.5379978575711418,0.5377902313392446,0.20240568062470343,0.46260379435437604,0.5301285088834203,0.5158370490795522,0.5214950574786007,0.5254537183637547,0.5274572526754512
0.603,0.04455529795921312,0.41443763826846725,0.5271325825033325,0.5434344966254592,0.5463040197931074,0.5433241220822079,0.5431505430591592,0.2061342474392903,0.4672831249399082,0.5353230936087571,0.5212260801494454,0.5269437975447767,0.53092362585816,0.532944680493659
0.608,0.04606216230365484,0.4189571816550165,0.5322815025458804,0.5486602595277046,0.5516003948174362,0.5486604692445136,0.5485172841647398,0.20986281425387715,0.47196245552544036,0.540538510695826,0.5266333489192532,0.5324032622911468,0.5364035243991273,0.5384393780868776
0.6130833333333333,0.04759414105383726,0.42357784263202225,0.5375216394287848,0.5539836249588699,0.5569911777328924,0.554097487612497,0.5539824073501378,0.21365352384870717,0.4767197749540646,0.5458419534806371,0.5321543458122328,0.5379613424808924,0.541983102192024,0.5440385990808503
0.6180833333333333,0.04910100539827898,0.4281420716457685,0.5427020373762887,0.5592239037720573,0.5623023702960621,0.55945052125022,0.5593664511416374,0.21744582399342066,0.4814117636752841,0.5510761227177553,0.5375896281882644,0.5434379830198887,0.5474815532248256,0.549554475890184
0.6230833333333333,0.05060786974272071,0.43270630065951476,0.5478930748479465,0.5644752655093818,0.5676205824596521,0.5648117716541668,0.5647582576965446,0.22124654174777358,0.4861531015481736,0.5563105079007488,0.5430367501592891,0.5489326094522973,0.5529924321632937,0.5550814227231642
0.6281666666666667,0.05213984849290312,0.4373789475625526,0.5531825364165586,0.5698313696736503,0.5730347732727523,0.5702723753446255,0.5702480705581942,0.22511060479803233,0.490983532190714,0.5616473085708271,0.5485984353236883,0.554526699241029,0.5586040838927138,0.5607129955787896
0.6331666666666667,0.053646712837344845,0.4420176741039935,0.5583976411594167,0.5751004482239439,0.5783693393770444,0.5756535570845311,0.5756565306778836,0.2289113225523852,0.495759891144451,0.5669045564091728,0.5540806131614058,0.5600390033950352,0.5641370044302076,0.5662584027190773
0.6381666666666667,0.055153577181786574,0.4466717253853475,0.5636297460870664,0.5803795903581817,0.5837118288196483,0.5810426890652651,0.5810726740649197,0.23271204030673806,0.5005546237889905,0.5721830539356695,0.559579795273969,0.5655679086924404,0.5696774858345125,0.5718122568207444
0.6431666666666667,0.05681926271846771,0.45135003792053113,0.568868248004447,0.5856685703053951,0.5890590797952108,0.5864392800085887,0.5864954285644622,0.23651275806109093,0.5053519786690381,0.5774786246338417,0.5650988893264877,0.5711030008420503,0.5752265071181767,0.5773733802576789
0.64825,0.0587906261129504,0.45620853173236353,0.5742066362940095,0.5910606486484912,0.5945071788936516,0.5919351006108485,0.5920186662849517,0.24037682111134967,0.5102292894637532,0.5828714768053115,0.5707183582584031,0.5767417128037146,0.5808780395282979,0.5830338158366586
0.65325,0.06080335251267134,0.4613152077563158,0.5794730799676306,0.5963685290670511,0.5998713541781103,0.5973499005238566,0.5974558906616114,0.24431633672204683,0.515026644343801,0.5881819655573356,0.5762556335483987,0.5823033799000019,0.58644803945868,0.5886161537732862
0.65825,0.06282714881885158,0.4664482225471426,0.5847615223341862,0.6016848069855437,0.6052434103171989,0.602776136693407,0.6029036966541692,0.2484005521015688,0.5198297561135379,0.5935055448251944,0.5818089660681784,0.5878730146683808,0.5920234359651045,0.5942053008335687
0.6633333333333333,0.06555148303005129,0.47168582791343017,0.5901484683203908,0.6071070775032599,0.6107148427260636,0.6082965375557516,0.6084478298618388,0.25267659150509525,0.52474213330246,0.5989341542974651,0.5874691450185991,0.5935473959474349,0.5977045633644442,0.5998932331085048
0.6683333333333333,0.06846955089911673,0.47686644782268806,0.5954593935012937,0.6124510975068348,0.6161072070753875,0.6137358263353375,0.61391017122737,0.25688253190200655,0.5295886230688359,0.6042929005817294,0.5930449521082127,0.5991377031835767,0.6033021830275369,0.6054981728673272
0.6733333333333333,0.07149901145525225,0.4820760883795387,0.6007789791954782,0.6177976477334589,0.6215024966229825,0.6191877955150844,0.6193805868323665,0.2610884722989178,0.5344520000984115,0.6096671920559981,0.5986426372377207,0.6047424127912302,0.6089054011100646,0.6111092564025161
0.6784166666666667,0.0747379638059478,0.4873967620177028,0.6062025039704799,0.6232360105265387,0.6269971427851646,0.624738508311068,0.6249478692170887,0.26536451170244424,0.5394185110791667,0.6151314624903353,0.6043525090566706,0.6104517894934582,0.6146123093771773,0.616824057135886
0.6834166666666667,0.07811459413637356,0.49263233318577127,0.6115456320434064,0.6286032537055192,0.6324056545534519,0.630203976771751,0.6304340262796562,0.2695704520993555,0.5443338902537298,0.620508614175535,0.6099741469055016,0.6160775991154759,0.6202360438949011,0.6224567301411897
0.6884166666666667,0.08155336057509431,0.49791091205802046,0.616921067190513,0.6339866019747408,0.6378261943074608,0.6356799485579967,0.635926404175222,0.27377639249626684,0.5492492694282931,0.6259176926230415,0.6156041962621834,0.6217123361800956,0.6258665210820823,0.6280930363543786
0.6934166666666667,0.08526938974916906,0.5032036747845913,0.6223079490173758,0.6393802868525684,0.6432604186600464,0.6411693189049149,0.6414301476664906,0.278161140175377,0.5541661210126574,0.6313359193008854,0.6212503972151149,0.6273574595999373,0.6315106433754781,0.6337361548993565
0.6985,0.08917119523377301,0.5086271084944598,0.6277991917921416,0.644866684088435,0.6487928965106108,0.6467531045861368,0.6470328682553392,0.28272165139853384,0.5591851101915462,0.6368642930678645,0.6270044077659752,0.6331095282143584,0.6372555189172571,0.6394845591422518
0.7035,0.09322423422133694,0.5139928783048838,0.6332085592864751,0.6502783155754103,0.6542357104080838,0.6522529439380842,0.6525485403994817,0.28720740014262247,0.5641333903204581,0.6423132676374943,0.6326804769113155,0.6387806213374394,0.6429132564072548,0.6451444169802957
0.7085,0.09727727320890087,0.5193928877377073,0.6386410828523325,0.655695143562986,0.6596885765729682,0.6577641781871694,0.6580771377018599,0.2919209293413959,0.5690990644943447,0.6477638442149739,0.6383691728112143,0.6444586341264321,0.6485851156306628,0.6508162366699984
0.7135833333333333,0.1017138141230528,0.5249092967482114,0.6441734150686129,0.661212802279926,0.6652442832860593,0.6633749330224882,0.663705288709078,0.2967486445594715,0.5741724848405081,0.6533252700189728,0.6441731361845189,0.650243701433041,0.6543571388595062,0.656589501408687
0.7185833333333334,0.10649902664773656,0.530349924054638,0.6496396074804442,0.6666484617634735,0.6707176391609576,0.668903440095134,0.6692500041198247,0.3014972169051196,0.5791835064334503,0.6588034754153538,0.6498859292146524,0.6559445463218618,0.6600435183304614,0.6622725297557619
0.7235833333333334,0.11174020440431516,0.5358164417249244,0.6551136191434528,0.6721037151502991,0.6762010230131829,0.6744398306905348,0.674800526947786,0.3062457892507677,0.5841947309702968,0.6642970039447131,0.6556050000505904,0.6616590357782852,0.6657407604573542,0.6679663233100592
0.7285833333333334,0.11733578303776646,0.5413112289361528,0.6606022394476806,0.6775664232618953,0.6816892088798306,0.6799835866380116,0.6803621967464581,0.3109943615964158,0.589213501607374,0.6698154548299273,0.6613440536118032,0.667383175085801,0.6714459995556815,0.673671636479274
0.7336666666666667,0.12302462131510858,0.5469728153665351,0.6662112463224085,0.6831323048951928,0.6872807886488836,0.6856304526041603,0.6860235009447955,0.3158220768144913,0.5943350106912787,0.6754328491615066,0.667202087519004,0.6732155956488404,0.6772567182905863,0.6794772121775873
0.7386666666666667,0.1286369088516204,0.5525628987191228,0.671734388234636,0.6886197580263178,0.6927857351025408,0.6911915690633192,0.6916003639101918,0.320582674316767,0.5993915263415766,0.6809735746382072,0.6729704419931622,0.6789604814606085,0.6829818491874139,0.6851961928229708
0.7436666666666667,0.13457760697512897,0.558177387976763,0.6772780324456947,0.6941113863443976,0.6983002284526318,0.6967607908396372,0.6971889563657299,0.32540339760218107,0.6044676095479508,0.6865247280871012,0.6787513928169913,0.6847133509363155,0.6887117378077602,0.6909223603870173
0.74875,0.1411148710841934,0.5638992684167887,0.6829399803150561,0.6997036299111115,0.7039194917504779,0.7024329857925016,0.702878189715524,0.33030446627568544,0.6096591340276801,0.6921791426596892,0.684638762789762,0.6905803221017708,0.6945489070083364,0.696754971431243
0.75375,0.14756756493744289,0.5695542717492705,0.6885220456143484,0.7052292917570837,0.7094595688648925,0.70802402291818,0.7084834358168111,0.3353444440956818,0.6147837151492439,0.6977592511832221,0.6904402621940522,0.6963607718711583,0.7003038033752018,0.7025000851139442
0.75875,0.15402025879069234,0.5752645784048169,0.6941190461816311,0.7107656120990133,0.7150018778404297,0.7136209584443346,0.7140964404492219,0.34046415083734466,0.6199210622345118,0.7033468755782121,0.696263872627531,0.7021465782898996,0.7060625133270166,0.7082533283536113
0.7638333333333334,0.16069795680722496,0.5810911317577251,0.6998151375712413,0.7163972637547895,0.7206465593925253,0.7193188252895648,0.719811372394863,0.34566918602470187,0.6251470256711301,0.7090561369051486,0.702198558019357,0.7080432040582537,0.7119294978501977,0.71411068033646
0.7688333333333334,0.16768141497120942,0.5868956721221643,0.705435972994097,0.7219508139219941,0.7262146362216676,0.7249346254241471,0.7254432244443743,0.3507888927663647,0.6302989843801209,0.7146840515892134,0.70804593704194,0.7138525325470837,0.7177078610237916,0.719882994144416
0.7738333333333334,0.1749300319016413,0.5927364760725123,0.7110954159377061,0.7275149953504565,0.7317894847189494,0.7305618137656946,0.7310828725910731,0.35590859950802756,0.6354519657016157,0.7203197599655264,0.7139056932086919,0.7196727914244496,0.7234934797594453,0.7256598114265437
0.7788333333333334,0.18257193816846773,0.5986033025162117,0.7167687774776761,0.7330924006390297,0.7373748504924105,0.7361941885248755,0.7367319333764718,0.36102830624969035,0.6406377535079945,0.7259740889186636,0.7197780992760288,0.7255098482163602,0.7292952488957879,0.7314485718730694
0.7839166666666667,0.19041048038876088,0.6046151657808204,0.7225537946432212,0.7387798164906293,0.7430609094256165,0.7419323285793047,0.7424854595461149,0.36633767716623844,0.6459526180768483,0.7317364451562309,0.7257650362620256,0.7314502060044689,0.7351997792282833,0.7373423912390109
0.7889166666666667,0.19841739930214403,0.6105609567418708,0.7282681818838179,0.7443867929414667,0.7486653057837767,0.7475865724690771,0.7481519614488219,0.37163127678988583,0.6512097166128085,0.7374167932269378,0.7316717031559656,0.7373037978413979,0.7410123921367762,0.7431477269198783
0.7939166666666667,0.20675067002641886,0.616553995700388,0.7340046351813311,0.7500065815801371,0.7542822094626108,0.753251875356593,0.7538306706732545,0.37692487641353345,0.6564686362675799,0.7431219601704311,0.737589043706225,0.7431670331988528,0.7468424300434731,0.7489609324159899
0.799,0.21561212774914237,0.6227019260275686,0.7398410063632455,0.7557300514262848,0.7600013413923229,0.7590222067051978,0.7596122778824658,0.3831240645915998,0.6618268613297948,0.7489314196165442,0.7436227668573429,0.7491453593131092,0.7527800954187083,0.7548797641874323
0.804,0.2247564526311588,0.6290587850150894,0.7455957751904325,0.7613715020143138,0.7656381268690979,0.7647055685347562,0.7653069054332963,0.38939381026625686,0.6670972466368914,0.754663883549456,0.7495725386620876,0.7550371296655922,0.7586272584249469,0.7607119617783297
0.809,0.23461224436970657,0.6355654354541824,0.7514008580175247,0.7670350925478777,0.771288896578406,0.7704002559754587,0.7710162367096552,0.39594708336226503,0.6723845338396195,0.7604081806139696,0.75553027651455,0.7609392148180906,0.7644854327049636,0.7665532668173688
0.8140833333333334,0.24490337837454498,0.6422391159609738,0.7573222278347082,0.7728103603247226,0.777039541605324,0.7762050745491961,0.7768270347152165,0.40270820595589124,0.6778117024168656,0.7662687375542766,0.761613088612372,0.7669522944693699,0.7704530519317635,0.7725019115355227
0.8190833333333334,0.25572271751988473,0.6488823983437693,0.7631593188881992,0.7784946715270822,0.7827109299252634,0.7819212611437062,0.7825531288642396,0.4095293258152256,0.6831828678265797,0.7720464526848712,0.7676041703693411,0.7728772091620659,0.7763387963235096,0.7783602950009353
0.8240833333333333,0.26670141937497893,0.6555885223462461,0.7690284678789465,0.7842040253374555,0.7883923089992695,0.7876474597024556,0.7882905815429958,0.41644243393510594,0.6885678578476739,0.7778492143390179,0.7736148493246494,0.7788207326677281,0.7822292223683818,0.7842295989731946
0.8290833333333333,0.27784997905038056,0.6623419072473989,0.7749175726298244,0.7899254761144114,0.7940858813977949,0.793386584926156,0.7940393831116486,0.42336876972727655,0.6939562674492861,0.7836661039960647,0.7796450700910615,0.7847741335904482,0.7881308420230557,0.7901078782438489
0.8341666666666666,0.2898408624049354,0.6692395995322005,0.7809197506734057,0.7957475421242637,0.7998859755564123,0.799231526739319,0.7998925891093156,0.43047044977125015,0.6994368376935298,0.7895986644897851,0.7857805430247751,0.790837693398336,0.7941480060388748,0.7960951769151207
0.8391666666666666,0.3017926579119455,0.6761105038637907,0.7868651156173238,0.8015033275314248,0.8056054475038634,0.8049943854114312,0.8056606412675336,0.4374557088308964,0.7048865967992616,0.7954492810769401,0.7918426467894291,0.7968172988554398,0.8000742594023628,0.8019901248436339
0.8441666666666666,0.31434338551994356,0.6833044314633755,0.792830085541673,0.8072658620920695,0.8113329192604146,0.8107649353491974,0.8114402905592227,0.44444096789054266,0.7103585797115419,0.8013211789197168,0.7979233139195597,0.8028104189984099,0.8060128324657668,0.8079014518098775
0.84925,0.32778777469517334,0.6907988186163675,0.7989300482956627,0.8131402708539147,0.8171749426018712,0.8166499206089466,0.8173269047646569,0.45154264793451626,0.715945132462633,0.8073139479471632,0.8041058846731055,0.8089146059273717,0.8120618213993469,0.8139199782642723
0.85425,0.34156661401501726,0.6982333859113891,0.8049496350862402,0.8189365105266404,0.8229289242507667,0.8224458826376104,0.8231290636997499,0.458682381779891,0.7214515663587608,0.8132271986992501,0.8102131763035103,0.8149340252601803,0.8180278125061108,0.8198469705033811
0.85925,0.3557234013707022,0.7057299347028463,0.8109869116829029,0.8247459667825968,0.8286948444944938,0.8282547140802142,0.8289423172344985,0.46596662429578606,0.7269738225334756,0.8191567060476423,0.8163429064256043,0.8209647523246492,0.8240004756610553,0.8257881301255094
0.86425,0.36988018872638706,0.713309539330888,0.8170670516611571,0.8305774047298217,0.8344792780654517,0.8340802669878912,0.8347670626291729,0.473250866811681,0.7328810385247089,0.8251027012382826,0.8224793546850853,0.8270103457896951,0.8299894433694577,0.8317400897759759
0.8693333333333333,0.3847358041473817,0.7214731680021834,0.8232711079582199,0.836527412065802,0.8403685188876905,0.8400137362886658,0.8407004039458992,0.48069129194590454,0.7411776879325437,0.8311718265963975,0.8287431947708989,0.8331745086466181,0.8360864390073639,0.8378009865958044
0.8743333333333333,0.40047483945208506,0.7295883349679869,0.8294167175967762,0.8423958326260671,0.8461779038865254,0.8458639908110216,0.8465500614065414,0.48814942734378414,0.7493448090527982,0.8371727092527494,0.8349178870317043,0.839250226825946,0.8420991495533329,0.8437768741775769
0.8793333333333333,0.4164862018944887,0.737766887188234,0.8355799392692662,0.8482814805075982,0.8520034210562268,0.8517281661945841,0.8524119428913547,0.49568416126084014,0.7575406672078775,0.8431901888005205,0.8411166412565605,0.8453424766140281,0.8481226567918856,0.8497631716715113
0.8844166666666666,0.4332144381215016,0.7461553435238686,0.8418782875349302,0.8542885885204899,0.8579408396991124,0.857706419393667,0.8583852277480938,0.5042198165244469,0.7659024987942702,0.8493281684218346,0.8474351433088326,0.8515493594395112,0.8542599444129164,0.8558612393883683
0.8894166666666666,0.44991283079229705,0.7544668922654332,0.848115032113328,0.8602175382850407,0.8637958481169303,0.8635979460723251,0.864272729970305,0.5129340760887985,0.7741704956153648,0.8553918271192217,0.853669198732085,0.8576762073978191,0.8603151048980029,0.8618719483787742
0.8944166666666666,0.4671079698759038,0.7632204755356109,0.8543891283186946,0.8661624314778864,0.8696653686422298,0.8695073431384686,0.8701754060280882,0.521807378694404,0.7824578465519962,0.8614874640420295,0.8599290605085097,0.8638129933979469,0.8663817795775189,0.8678951655402397
0.8995,0.4852547101023883,0.7722302699674117,0.8608025867153225,0.8722339389806812,0.8756528260919556,0.8755292156004426,0.8761890732662249,0.5310952399208938,0.7909042961063414,0.8677054940871637,0.8663078197503056,0.8700778054246309,0.8725634352814083,0.8740323665878776
0.9045,0.5037372251294798,0.7811747080838342,0.8671411011638357,0.8782278756898926,0.8815573247852037,0.8814696247171705,0.882120408781572,0.5402450347547723,0.7992446425199239,0.8738479939840029,0.8726103356705954,0.8762542347800888,0.878663584532072,0.8800839013629631
0.9095,0.5227420443594245,0.7902443085593592,0.8735345421642166,0.8842427241889496,0.8874842952306254,0.8874261412568837,0.8880663762909613,0.5493948295886506,0.8076389867085592,0.8800112791331218,0.8789282845664583,0.8824459594460936,0.884777114542619,0.8861480044059038
0.9145,0.5424310723184627,0.799713796158572,0.8799529887332115,0.8902785527276036,0.8934269322298606,0.8934014485727578,0.8940287523963274,0.5590364611966626,0.8160524601936123,0.8862124046110358,0.8852743910931989,0.8886620853137327,0.8909070344951928,0.8922266131746639
0.9195833333333333,0.5628524112115829,0.8094282898051235,0.8865253345884663,0.8964490663840385,0.8994903785938465,0.899493435291307,0.9001070603973093,0.5715091660930007,0.8246329724733664,0.89254398701828,0.8917497778833697,0.8949978815084473,0.8971580638373566,0.8984228066222462
0.9245833333333333,0.5835627363928267,0.8190640914037968,0.8930333991200763,0.9025396593699192,0.9054763258154189,0.9055042288596328,0.9061034042855036,0.5875651259219621,0.8331326370512752,0.8987932160475184,0.8981418566326027,0.9012543566436662,0.9033214351310038,0.9045326776803583
0.9295833333333333,0.6046028887623824,0.8288069796192346,0.8995883691866581,0.9086670350346033,0.9114811968144428,0.911533974845287,0.9121167327551752,0.6037746911300099,0.8416648741285849,0.9050846997965765,0.9045634906688227,0.9075311583306019,0.9095038735901498,0.9106630273830516
0.9346666666666666,0.6266880455035558,0.839167371946418,0.9062908870268013,0.9149249119565894,0.9176100625519663,0.9176874550957346,0.9182525226139481,0.6205159630209012,0.8503752130018769,0.911507267447672,0.9111178846433268,0.9139351779092486,0.9158106189220767,0.9169111352660728
0.9396666666666667,0.6492787842746346,0.8494644246966752,0.9129411410716164,0.9211120335499594,0.9236625353517228,0.9237624074399455,0.9243085028236608,0.6377335757672792,0.8590083177082786,0.9178633189657581,0.9175962883029861,0.9202617573654763,0.922037074232032,0.9230763274190608
0.9446666666666667,0.6723189623149669,0.8598559358667032,0.9196434669005461,0.9273314447729704,0.9297387417477516,0.9298592861363529,0.9303823845505862,0.6554189480909992,0.8676769058900108,0.9242593163934094,0.9241073247496054,0.9266126611574453,0.9282836678282124,0.9292598849465226
0.94975,0.6963319393659344,0.8707973694045605,0.9265107307220125,0.9336903834466013,0.9359443796008756,0.9360855070075162,0.9365816509174015,0.6737997375119867,0.8765595713677528,0.9308066109069083,0.9307662832688177,0.9331009912366174,0.9346597241816216,0.9355691252304187
0.95475,0.7210351225159783,0.8817969479096288,0.9333374273650448,0.9399833231037122,0.9420768777590263,0.9422354298023501,0.942702905923141,0.6921841138100346,0.8853457963006381,0.9372929255257179,0.9373501156170914,0.9395120747610581,0.9409532751675822,0.9417984161614402
0.95975,0.7461512589755019,0.8929331353381169,0.9402262504230536,0.9463161530219917,0.9482432339230638,0.9484132308017038,0.9488479417462905,0.7129900739739599,0.8942068690097283,0.9438316989058734,0.9439771194018274,0.9459565409173457,0.9472739220691404,0.9480511023435548
0.96475,0.7724600197375564,0.9044428846758962,0.9471991826468866,0.952697920113682,0.9544444413822994,0.9546240044418572,0.955023311832335,0.7344750481894682,0.9031384724257464,0.9504256215497966,0.9506472291539323,0.9524384158600618,0.9536273906431042,0.9543306709600234
0.9698333333333333,0.8000567499994465,0.9164553189881912,0.9543633181695099,0.9592384306085131,0.960791896026157,0.9609732979903549,0.9613324502654814,0.7585297884933293,0.9123104440677066,0.9571954550073922,0.9574788836328267,0.9590670957681249,0.9601235916458191,0.960746238423237
0.9748333333333333,0.8283763881826012,0.9287124002982852,0.9615030358281963,0.9657298645784727,0.9670803253200309,0.9672581646204531,0.9675745206539119,0.7846004180319861,0.9215498253129922,0.963932132591068,0.964259197565692,0.9656323047687716,0.9665522191796827,0.9670919997684824
0.9798333333333333,0.8578460693474993,0.9412852139341974,0.9687533312463291,0.9722914233184581,0.9734243032358532,0.9735884349986742,0.9738583254644565,0.8118554656106,0.933337840128323,0.9707506301247809,0.9711007892208576,0.9722558627085635,0.9730263117047728,0.9734772331288697
0.9849166666666667,0.8894082996897638,0.9546803412835198,0.9762560188886145,0.9790435644218144,0.9799407279160255,0.9800823199758165,0.9802971240444789,0.8456716528167044,0.9454538708918147,0.9777915752124103,0.9781380236183781,0.9790576116806614,0.9796634519134345,0.980018168383961
0.9899166666666667,0.9223779738992878,0.9684565305484558,0.983796292676916,0.9857871168573187,0.9864294953751476,0.9865411964416747,0.9866964745209866,0.8838953828017082,0.9584917438645434,0.9848613769401018,0.9851594673274915,0.9858300186834343,0.9862620604686843,0.9865139155707621
0.9949166666666667,0.9578089503858536,0.9830788953169336,0.991575475946496,0.9926735861620593,0.9930291155526876,0.993099075836471,0.993188679231505,0.9318369007593444,0.9751830305572223,0.9921313502836975,0.9923388355374566,0.9927186398826111,0.9929566181510798,0.9930952009826199
1.0,1.0,1.0,1.0,1.0,1.0,1.0,1.0,1.0,1.0,1.0,1.0,1.0,1.0,1.0
