agent,constraint,reward,rho_mean,rho_std
RL,SP,RMM,10.198232519377415,0.032434711998855434
RL,SP,FL,0.1896136930470932,0.13199004713755735
RL,SP,SW,10.293898111114054,0.08174638616165365
RL,EO,RMM,10.230656904207592,0.04332714868377603
RL,EO,FL,10.328314586342794,0.04451977184840572
RL,EO,SW,10.303852055557485,0.07887072832062694
PERL,SP,RMM,0.1013692401412034,0.00043610291895033505
PERL,SP,FL,1.0588940137388474,0.09380691336885158
PERL,SP,SW,0.1377050875121677,0.04845861547527256
PERL,EO,RMM,1.229336390395517,0.643019142189991
PERL,EO,FL,3.981275458012843,0.5676565674422891
PERL,EO,SW,1.7758759097714598,0.8781860124117961
