episode,lambda_wealth_mean,lambda_wealth_std,n_seeds
1,1.998781192302704,0.01729943736338051,10
2,1.99618079662323,0.03528379279547979,10
3,1.9920032739639282,0.054712537058404904,10
4,1.985141658782959,0.07312122832876451,10
5,1.9768949747085571,0.09121120946694114,10
6,1.966445517539978,0.11034780051048873,10
7,1.9536864399909972,0.129789984799748,10
8,1.9409575819969178,0.148572081905406,10
9,1.9259063363075257,0.16727515144997968,10
10,1.9095815062522887,0.1877713514536021,10
11,1.8916142225265502,0.20742789955124483,10
12,1.8714362263679505,0.22745356209914616,10
13,1.8502324581146241,0.2465210020358648,10
14,1.8290427446365356,0.26585125109431695,10
15,1.8073832273483277,0.28592073565575354,10
16,1.7843937158584595,0.30403289712234866,10
17,1.7606474041938782,0.3224641951762328,10
18,1.7365854620933532,0.3398761453181445,10
19,1.7124058604240417,0.3580990255794298,10
20,1.6881712913513183,0.3760686964419095,10
21,1.6631745219230651,0.39318197723302106,10
22,1.6380872845649719,0.4099784845965053,10
23,1.6133103132247926,0.4270031985252171,10
24,1.5876150608062745,0.44327333962547577,10
25,1.5628314733505249,0.45968380015589294,10
26,1.5376636028289794,0.4754729284444562,10
27,1.512821626663208,0.4919662941244406,10
28,1.4872029900550843,0.5070734203386708,10
29,1.4618069887161256,0.5211512160246663,10
30,1.4359435319900513,0.5338468778026999,10
31,1.4095959663391113,0.5465617489278929,10
32,1.3827767491340637,0.5584896081631467,10
33,1.3555732131004334,0.5690591323221483,10
34,1.3281450033187867,0.5796701043228363,10
35,1.3007781744003295,0.5914494376962779,10
36,1.2724816620349884,0.6015079228649292,10
37,1.2435433089733123,0.6098731890856127,10
38,1.2145580291748046,0.6180669746212616,10
39,1.1852265000343323,0.6254910045404856,10
40,1.1559073984622956,0.6329390158717442,10
41,1.1258344948291779,0.6390377105143946,10
42,1.0954961359500885,0.6448802309404766,10
43,1.0649026155471801,0.6506343549488639,10
44,1.0341632068157196,0.6562328407082862,10
45,1.0034334659576416,0.6619473608118873,10
46,0.9723231971263886,0.66704922013154,10
47,0.9411074995994568,0.6711266156164437,10
48,0.9096194446086884,0.6740201254916753,10
49,0.877701336145401,0.6769252580432158,10
50,0.8459601163864136,0.6800402637437064,10
51,0.8140142679214477,0.6826162526555132,10
52,0.7815971970558167,0.6844121978951024,10
53,0.7494736611843109,0.6864697697561487,10
54,0.7172636985778809,0.6881455810107542,10
55,0.6846474140882493,0.6890682197483976,10
56,0.6519207179546356,0.6903934985162381,10
57,0.6191634178161621,0.6913445689556689,10
58,0.5867048472166061,0.6924157472582543,10
59,0.5538615480065345,0.6931325261150088,10
60,0.5209246844053268,0.6937578958349864,10
61,0.4880519822239876,0.6942147189041624,10
62,0.45499683469533914,0.6946511133882596,10
63,0.4221655257046223,0.6951005199809888,10
64,0.38921115510165694,0.6957298017858509,10
65,0.35593618303537367,0.6957107535807433,10
66,0.3243353030033177,0.6951981055917718,10
67,0.29991773083020234,0.6916028568094897,10
68,0.2797714683096274,0.6862161342138058,10
69,0.2635865646909224,0.6795138559851118,10
70,0.253127518594556,0.6710066740014031,10
71,0.24319998614519137,0.6623029168168625,10
72,0.2332314369690721,0.6539548685328312,10
73,0.22645016325404868,0.6446766643193437,10
74,0.21986683321883901,0.6353654428168053,10
75,0.21320016955723992,0.626215727951401,10
76,0.2065335060819052,0.6172184257635652,10
77,0.20260471995425178,0.6075141598921618,10
78,0.19927138979983286,0.597514169428905,10
79,0.1959380596454139,0.5875141789656482,10
80,0.19271028931689213,0.577830867980083,10
81,0.18937694724154425,0.5678308417540393,10
82,0.18610313828539804,0.5580094148856005,10
83,0.18280011113238287,0.5481003334265552,10
84,0.17949708397936776,0.5381912519675098,10
85,0.1761637538249488,0.528191261504253,10
86,0.1728927224452491,0.5183781673651539,10
87,0.16959522660326912,0.5084856798392138,10
88,0.1662944167430396,0.49858325025852523,10
89,0.16296108658862068,0.48858325979526857,10
90,0.1596579163844581,0.4786737491827808,10
91,0.15635331566882088,0.4687599470358692,10
92,0.15305056269717168,0.45885168812092153,10
93,0.14977372582507087,0.4490211775046191,10
94,0.14644039567065192,0.4390211870413622,10
95,0.14310706551623295,0.42902119657810533,10
96,0.13977373536181406,0.41902120611484867,10
97,0.13647260363650277,0.40911781093891475,10
98,0.13313927348208382,0.39911782047565797,10
99,0.12980594332766487,0.38911783001240113,10
100,0.12647261317324593,0.3791178395491443,10
101,0.12313928301882697,0.3691178490858874,10
102,0.1198372453029151,0.3592117359381518,10
103,0.11653955872607184,0.3493186762076221,10
104,0.11323907073092414,0.33941721222217897,10
105,0.10990574057650522,0.32941722175892213,10
106,0.10657241042208625,0.31941723129566524,10
107,0.1032390802676673,0.30941724083240846,10
108,0.09990574415278389,0.29941723248775814,10
109,0.09660508926463081,0.28951526782329895,10
110,0.09327175314974738,0.27951525947864864,10
111,0.08993841703486397,0.26951525113399843,10
112,0.0866668134505744,0.2597004403811297,10
113,0.08333347733569099,0.24970043203647949,10
114,0.08000014122080756,0.23970042369182917,10
115,0.07670246060442878,0.22980738184269286,10
116,0.07336912448954536,0.21980737349804255,10
117,0.07003578837466193,0.20980736515339232,10
118,0.06675147708010627,0.19995443126972534,10
119,0.06341814096522284,0.18995442292507503,10
120,0.060117325144528874,0.18005197546299312,10
121,0.05684748585772468,0.17024245760258055,10
122,0.05357315238070441,0.16041945717151973,10
123,0.05023981626582099,0.1504194488268695,10
124,0.04693763549876166,0.1405129065256915,10
125,0.04363730545592261,0.13061191639717437,10
126,0.040340009289502626,0.1207200278979144,10
127,0.037006676154851446,0.11072002849396086,10
128,0.03371017869067146,0.10083053610142088,10
129,0.03046036060404731,0.09108108184154842,10
130,0.027127027469396124,0.08108108243759488,10
131,0.0238289668734069,0.0711869006496272,10
132,0.02058430160832358,0.06145290485437723,10
133,0.017304731863259797,0.05161419561918591,10
134,0.013971398728608617,0.04161419621523236,10
135,0.010638064848899367,0.03161419457610461,10
136,0.0073400057430262665,0.021720017258485307,10
137,0.0040656696583027865,0.011897009004314871,10
138,0.0007323363373870869,0.001897009041567771,10
139,9.99999901978299e-05,0.0,10
140,9.99999901978299e-05,0.0,10
141,9.99999901978299e-05,0.0,10
142,9.99999901978299e-05,0.0,10
143,9.99999901978299e-05,0.0,10
144,9.99999901978299e-05,0.0,10
145,9.99999901978299e-05,0.0,10
146,9.99999901978299e-05,0.0,10
147,9.99999901978299e-05,0.0,10
148,9.99999901978299e-05,0.0,10
149,9.99999901978299e-05,0.0,10
150,9.99999901978299e-05,0.0,10
151,9.99999901978299e-05,0.0,10
152,9.99999901978299e-05,0.0,10
153,9.99999901978299e-05,0.0,10
154,9.99999901978299e-05,0.0,10
155,9.99999901978299e-05,0.0,10
156,9.99999901978299e-05,0.0,10
157,9.99999901978299e-05,0.0,10
158,9.99999901978299e-05,0.0,10
159,9.99999901978299e-05,0.0,10
160,9.99999901978299e-05,0.0,10
161,9.99999901978299e-05,0.0,10
162,9.99999901978299e-05,0.0,10
163,9.99999901978299e-05,0.0,10
164,9.99999901978299e-05,0.0,10
165,9.99999901978299e-05,0.0,10
166,9.99999901978299e-05,0.0,10
167,9.99999901978299e-05,0.0,10
168,9.99999901978299e-05,0.0,10
169,9.99999901978299e-05,0.0,10
170,9.99999901978299e-05,0.0,10
171,9.99999901978299e-05,0.0,10
172,9.99999901978299e-05,0.0,10
173,9.99999901978299e-05,0.0,10
174,9.99999901978299e-05,0.0,10
175,9.99999901978299e-05,0.0,10
176,9.99999901978299e-05,0.0,10
177,9.99999901978299e-05,0.0,10
178,9.99999901978299e-05,0.0,10
179,9.99999901978299e-05,0.0,10
180,9.99999901978299e-05,0.0,10
181,9.99999901978299e-05,0.0,10
182,9.99999901978299e-05,0.0,10
183,9.99999901978299e-05,0.0,10
184,9.99999901978299e-05,0.0,10
185,9.99999901978299e-05,0.0,10
186,9.99999901978299e-05,0.0,10
187,9.99999901978299e-05,0.0,10
188,9.99999901978299e-05,0.0,10
189,9.99999901978299e-05,0.0,10
190,9.99999901978299e-05,0.0,10
191,9.99999901978299e-05,0.0,10
192,9.99999901978299e-05,0.0,10
193,9.99999901978299e-05,0.0,10
194,9.99999901978299e-05,0.0,10
195,9.99999901978299e-05,0.0,10
196,9.99999901978299e-05,0.0,10
197,9.99999901978299e-05,0.0,10
198,9.99999901978299e-05,0.0,10
199,9.99999901978299e-05,0.0,10
200,9.99999901978299e-05,0.0,10
201,9.99999901978299e-05,0.0,10
202,9.99999901978299e-05,0.0,10
203,9.99999901978299e-05,0.0,10
204,9.99999901978299e-05,0.0,10
205,9.99999901978299e-05,0.0,10
206,9.99999901978299e-05,0.0,10
207,9.99999901978299e-05,0.0,10
208,9.99999901978299e-05,0.0,10
209,9.99999901978299e-05,0.0,10
210,9.99999901978299e-05,0.0,10
211,9.99999901978299e-05,0.0,10
212,9.99999901978299e-05,0.0,10
213,9.99999901978299e-05,0.0,10
214,9.99999901978299e-05,0.0,10
215,9.99999901978299e-05,0.0,10
216,9.99999901978299e-05,0.0,10
217,9.99999901978299e-05,0.0,10
218,9.99999901978299e-05,0.0,10
219,9.99999901978299e-05,0.0,10
220,9.99999901978299e-05,0.0,10
221,9.99999901978299e-05,0.0,10
222,9.99999901978299e-05,0.0,10
223,9.99999901978299e-05,0.0,10
224,9.99999901978299e-05,0.0,10
225,9.99999901978299e-05,0.0,10
226,9.99999901978299e-05,0.0,10
227,9.99999901978299e-05,0.0,10
228,9.99999901978299e-05,0.0,10
229,9.99999901978299e-05,0.0,10
230,9.99999901978299e-05,0.0,10
231,9.99999901978299e-05,0.0,10
232,9.99999901978299e-05,0.0,10
233,9.99999901978299e-05,0.0,10
234,9.99999901978299e-05,0.0,10
235,9.99999901978299e-05,0.0,10
236,9.99999901978299e-05,0.0,10
237,9.99999901978299e-05,0.0,10
238,9.99999901978299e-05,0.0,10
239,9.99999901978299e-05,0.0,10
240,9.99999901978299e-05,0.0,10
241,9.99999901978299e-05,0.0,10
242,9.99999901978299e-05,0.0,10
243,9.99999901978299e-05,0.0,10
244,9.99999901978299e-05,0.0,10
245,9.99999901978299e-05,0.0,10
246,9.99999901978299e-05,0.0,10
247,9.99999901978299e-05,0.0,10
248,9.99999901978299e-05,0.0,10
249,9.99999901978299e-05,0.0,10
250,9.99999901978299e-05,0.0,10
251,9.99999901978299e-05,0.0,10
252,9.99999901978299e-05,0.0,10
253,9.99999901978299e-05,0.0,10
254,9.99999901978299e-05,0.0,10
255,9.99999901978299e-05,0.0,10
256,9.99999901978299e-05,0.0,10
257,9.99999901978299e-05,0.0,10
258,9.99999901978299e-05,0.0,10
259,9.99999901978299e-05,0.0,10
260,9.99999901978299e-05,0.0,10
261,9.99999901978299e-05,0.0,10
262,9.99999901978299e-05,0.0,10
263,9.99999901978299e-05,0.0,10
264,9.99999901978299e-05,0.0,10
265,9.99999901978299e-05,0.0,10
266,9.99999901978299e-05,0.0,10
267,9.99999901978299e-05,0.0,10
268,9.99999901978299e-05,0.0,10
269,9.99999901978299e-05,0.0,10
270,9.99999901978299e-05,0.0,10
271,9.99999901978299e-05,0.0,10
272,9.99999901978299e-05,0.0,10
273,9.99999901978299e-05,0.0,10
274,9.99999901978299e-05,0.0,10
275,9.99999901978299e-05,0.0,10
276,9.99999901978299e-05,0.0,10
277,9.99999901978299e-05,0.0,10
278,9.99999901978299e-05,0.0,10
279,9.99999901978299e-05,0.0,10
280,9.99999901978299e-05,0.0,10
281,9.99999901978299e-05,0.0,10
282,9.99999901978299e-05,0.0,10
283,9.99999901978299e-05,0.0,10
284,9.99999901978299e-05,0.0,10
285,9.99999901978299e-05,0.0,10
286,9.99999901978299e-05,0.0,10
287,9.99999901978299e-05,0.0,10
288,9.99999901978299e-05,0.0,10
289,9.99999901978299e-05,0.0,10
290,9.99999901978299e-05,0.0,10
291,9.99999901978299e-05,0.0,10
292,9.99999901978299e-05,0.0,10
293,9.99999901978299e-05,0.0,10
294,9.99999901978299e-05,0.0,10
295,9.99999901978299e-05,0.0,10
296,9.99999901978299e-05,0.0,10
297,9.99999901978299e-05,0.0,10
298,9.99999901978299e-05,0.0,10
299,9.99999901978299e-05,0.0,10
300,9.99999901978299e-05,0.0,10
301,9.99999901978299e-05,0.0,10
302,9.99999901978299e-05,0.0,10
303,9.99999901978299e-05,0.0,10
304,9.99999901978299e-05,0.0,10
305,9.99999901978299e-05,0.0,10
306,9.99999901978299e-05,0.0,10
307,9.99999901978299e-05,0.0,10
308,9.99999901978299e-05,0.0,10
309,9.99999901978299e-05,0.0,10
310,9.99999901978299e-05,0.0,10
311,9.99999901978299e-05,0.0,10
312,9.99999901978299e-05,0.0,10
313,9.99999901978299e-05,0.0,10
314,9.99999901978299e-05,0.0,10
315,9.99999901978299e-05,0.0,10
316,9.99999901978299e-05,0.0,10
317,9.99999901978299e-05,0.0,10
318,9.99999901978299e-05,0.0,10
319,9.99999901978299e-05,0.0,10
320,9.99999901978299e-05,0.0,10
321,9.99999901978299e-05,0.0,10
322,9.99999901978299e-05,0.0,10
323,9.99999901978299e-05,0.0,10
324,9.99999901978299e-05,0.0,10
325,9.99999901978299e-05,0.0,10
326,9.99999901978299e-05,0.0,10
327,9.99999901978299e-05,0.0,10
328,9.99999901978299e-05,0.0,10
329,9.99999901978299e-05,0.0,10
330,9.99999901978299e-05,0.0,10
331,9.99999901978299e-05,0.0,10
332,9.99999901978299e-05,0.0,10
333,9.99999901978299e-05,0.0,10
334,9.99999901978299e-05,0.0,10
335,9.99999901978299e-05,0.0,10
336,9.99999901978299e-05,0.0,10
337,9.99999901978299e-05,0.0,10
338,9.99999901978299e-05,0.0,10
339,9.99999901978299e-05,0.0,10
340,9.99999901978299e-05,0.0,10
341,9.99999901978299e-05,0.0,10
342,9.99999901978299e-05,0.0,10
343,9.99999901978299e-05,0.0,10
344,9.99999901978299e-05,0.0,10
345,9.99999901978299e-05,0.0,10
346,9.99999901978299e-05,0.0,10
347,9.99999901978299e-05,0.0,10
348,9.99999901978299e-05,0.0,10
349,9.99999901978299e-05,0.0,10
350,9.99999901978299e-05,0.0,10
351,9.99999901978299e-05,0.0,10
352,9.99999901978299e-05,0.0,10
353,9.99999901978299e-05,0.0,10
354,9.99999901978299e-05,0.0,10
355,9.99999901978299e-05,0.0,10
356,9.99999901978299e-05,0.0,10
357,9.99999901978299e-05,0.0,10
358,9.99999901978299e-05,0.0,10
359,9.99999901978299e-05,0.0,10
360,9.99999901978299e-05,0.0,10
361,9.99999901978299e-05,0.0,10
362,9.99999901978299e-05,0.0,10
363,9.99999901978299e-05,0.0,10
364,9.99999901978299e-05,0.0,10
365,9.99999901978299e-05,0.0,10
366,9.99999901978299e-05,0.0,10
367,9.99999901978299e-05,0.0,10
368,9.99999901978299e-05,0.0,10
369,9.99999901978299e-05,0.0,10
370,9.99999901978299e-05,0.0,10
371,9.99999901978299e-05,0.0,10
372,9.99999901978299e-05,0.0,10
373,9.99999901978299e-05,0.0,10
374,9.99999901978299e-05,0.0,10
375,9.99999901978299e-05,0.0,10
376,9.99999901978299e-05,0.0,10
377,9.99999901978299e-05,0.0,10
378,9.99999901978299e-05,0.0,10
379,9.99999901978299e-05,0.0,10
380,9.99999901978299e-05,0.0,10
381,9.99999901978299e-05,0.0,10
382,9.99999901978299e-05,0.0,10
383,9.99999901978299e-05,0.0,10
384,9.99999901978299e-05,0.0,10
385,9.99999901978299e-05,0.0,10
386,9.99999901978299e-05,0.0,10
387,9.99999901978299e-05,0.0,10
388,9.99999901978299e-05,0.0,10
389,9.99999901978299e-05,0.0,10
390,9.99999901978299e-05,0.0,10
391,9.99999901978299e-05,0.0,10
392,9.99999901978299e-05,0.0,10
393,9.99999901978299e-05,0.0,10
394,9.99999901978299e-05,0.0,10
395,9.99999901978299e-05,0.0,10
396,9.99999901978299e-05,0.0,10
397,9.99999901978299e-05,0.0,10
398,9.99999901978299e-05,0.0,10
399,9.99999901978299e-05,0.0,10
400,9.99999901978299e-05,0.0,10
401,9.99999901978299e-05,0.0,10
402,9.99999901978299e-05,0.0,10
403,9.99999901978299e-05,0.0,10
404,9.99999901978299e-05,0.0,10
405,9.99999901978299e-05,0.0,10
406,9.99999901978299e-05,0.0,10
407,9.99999901978299e-05,0.0,10
408,9.99999901978299e-05,0.0,10
409,9.99999901978299e-05,0.0,10
410,9.99999901978299e-05,0.0,10
411,9.99999901978299e-05,0.0,10
412,9.99999901978299e-05,0.0,10
413,9.99999901978299e-05,0.0,10
414,9.99999901978299e-05,0.0,10
415,9.99999901978299e-05,0.0,10
416,9.99999901978299e-05,0.0,10
417,9.99999901978299e-05,0.0,10
418,9.99999901978299e-05,0.0,10
419,9.99999901978299e-05,0.0,10
420,9.99999901978299e-05,0.0,10
421,9.99999901978299e-05,0.0,10
422,9.99999901978299e-05,0.0,10
423,9.99999901978299e-05,0.0,10
424,9.99999901978299e-05,0.0,10
425,9.99999901978299e-05,0.0,10
426,9.99999901978299e-05,0.0,10
427,9.99999901978299e-05,0.0,10
428,9.99999901978299e-05,0.0,10
429,9.99999901978299e-05,0.0,10
430,9.99999901978299e-05,0.0,10
431,9.99999901978299e-05,0.0,10
432,9.99999901978299e-05,0.0,10
433,9.99999901978299e-05,0.0,10
434,9.99999901978299e-05,0.0,10
435,9.99999901978299e-05,0.0,10
436,9.99999901978299e-05,0.0,10
437,9.99999901978299e-05,0.0,10
438,9.99999901978299e-05,0.0,10
439,9.99999901978299e-05,0.0,10
440,9.99999901978299e-05,0.0,10
441,9.99999901978299e-05,0.0,10
442,9.99999901978299e-05,0.0,10
443,9.99999901978299e-05,0.0,10
444,9.99999901978299e-05,0.0,10
445,9.99999901978299e-05,0.0,10
446,9.99999901978299e-05,0.0,10
447,9.99999901978299e-05,0.0,10
448,9.99999901978299e-05,0.0,10
449,9.99999901978299e-05,0.0,10
450,9.99999901978299e-05,0.0,10
451,9.99999901978299e-05,0.0,10
452,9.99999901978299e-05,0.0,10
453,9.99999901978299e-05,0.0,10
454,9.99999901978299e-05,0.0,10
455,9.99999901978299e-05,0.0,10
456,9.99999901978299e-05,0.0,10
457,9.99999901978299e-05,0.0,10
458,9.99999901978299e-05,0.0,10
459,9.99999901978299e-05,0.0,10
460,9.99999901978299e-05,0.0,10
461,9.99999901978299e-05,0.0,10
462,9.99999901978299e-05,0.0,10
463,9.99999901978299e-05,0.0,10
464,9.99999901978299e-05,0.0,10
465,9.99999901978299e-05,0.0,10
466,9.99999901978299e-05,0.0,10
467,9.99999901978299e-05,0.0,10
468,9.99999901978299e-05,0.0,10
469,9.99999901978299e-05,0.0,10
470,9.99999901978299e-05,0.0,10
471,9.99999901978299e-05,0.0,10
472,9.99999901978299e-05,0.0,10
473,9.99999901978299e-05,0.0,10
474,9.99999901978299e-05,0.0,10
475,9.99999901978299e-05,0.0,10
476,9.99999901978299e-05,0.0,10
477,9.99999901978299e-05,0.0,10
478,9.99999901978299e-05,0.0,10
479,9.99999901978299e-05,0.0,10
480,9.99999901978299e-05,0.0,10
481,9.99999901978299e-05,0.0,10
482,9.99999901978299e-05,0.0,10
483,9.99999901978299e-05,0.0,10
484,9.99999901978299e-05,0.0,10
485,9.99999901978299e-05,0.0,10
486,9.99999901978299e-05,0.0,10
487,9.99999901978299e-05,0.0,10
488,9.99999901978299e-05,0.0,10
489,9.99999901978299e-05,0.0,10
490,9.99999901978299e-05,0.0,10
491,9.99999901978299e-05,0.0,10
492,9.99999901978299e-05,0.0,10
493,9.99999901978299e-05,0.0,10
494,9.99999901978299e-05,0.0,10
495,9.99999901978299e-05,0.0,10
496,9.99999901978299e-05,0.0,10
497,9.99999901978299e-05,0.0,10
498,9.99999901978299e-05,0.0,10
499,9.99999901978299e-05,0.0,10
500,9.99999901978299e-05,0.0,10
501,9.99999901978299e-05,0.0,10
502,9.99999901978299e-05,0.0,10
503,9.99999901978299e-05,0.0,10
504,9.99999901978299e-05,0.0,10
505,9.99999901978299e-05,0.0,10
506,9.99999901978299e-05,0.0,10
507,9.99999901978299e-05,0.0,10
508,9.99999901978299e-05,0.0,10
509,9.99999901978299e-05,0.0,10
510,9.99999901978299e-05,0.0,10
511,9.99999901978299e-05,0.0,10
512,9.99999901978299e-05,0.0,10
513,9.99999901978299e-05,0.0,10
514,9.99999901978299e-05,0.0,10
515,9.99999901978299e-05,0.0,10
516,9.99999901978299e-05,0.0,10
517,9.99999901978299e-05,0.0,10
518,9.99999901978299e-05,0.0,10
519,9.99999901978299e-05,0.0,10
520,9.99999901978299e-05,0.0,10
521,9.99999901978299e-05,0.0,10
522,9.99999901978299e-05,0.0,10
523,9.99999901978299e-05,0.0,10
524,9.99999901978299e-05,0.0,10
525,9.99999901978299e-05,0.0,10
526,9.99999901978299e-05,0.0,10
527,9.99999901978299e-05,0.0,10
528,9.99999901978299e-05,0.0,10
529,9.99999901978299e-05,0.0,10
530,9.99999901978299e-05,0.0,10
531,9.99999901978299e-05,0.0,10
532,9.99999901978299e-05,0.0,10
533,9.99999901978299e-05,0.0,10
534,9.99999901978299e-05,0.0,10
535,9.99999901978299e-05,0.0,10
536,9.99999901978299e-05,0.0,10
537,9.99999901978299e-05,0.0,10
538,9.99999901978299e-05,0.0,10
539,9.99999901978299e-05,0.0,10
540,9.99999901978299e-05,0.0,10
541,9.99999901978299e-05,0.0,10
542,9.99999901978299e-05,0.0,10
543,9.99999901978299e-05,0.0,10
544,9.99999901978299e-05,0.0,10
545,9.99999901978299e-05,0.0,10
546,9.99999901978299e-05,0.0,10
547,9.99999901978299e-05,0.0,10
548,9.99999901978299e-05,0.0,10
549,9.99999901978299e-05,0.0,10
550,9.99999901978299e-05,0.0,10
551,9.99999901978299e-05,0.0,10
552,9.99999901978299e-05,0.0,10
553,9.99999901978299e-05,0.0,10
554,9.99999901978299e-05,0.0,10
555,9.99999901978299e-05,0.0,10
556,9.99999901978299e-05,0.0,10
557,9.99999901978299e-05,0.0,10
558,9.99999901978299e-05,0.0,10
559,9.99999901978299e-05,0.0,10
560,9.99999901978299e-05,0.0,10
561,9.99999901978299e-05,0.0,10
562,9.99999901978299e-05,0.0,10
563,9.99999901978299e-05,0.0,10
564,9.99999901978299e-05,0.0,10
565,9.99999901978299e-05,0.0,10
566,9.99999901978299e-05,0.0,10
567,9.99999901978299e-05,0.0,10
568,9.99999901978299e-05,0.0,10
569,9.99999901978299e-05,0.0,10
570,9.99999901978299e-05,0.0,10
571,9.99999901978299e-05,0.0,10
572,9.99999901978299e-05,0.0,10
573,9.99999901978299e-05,0.0,10
574,9.99999901978299e-05,0.0,10
575,9.99999901978299e-05,0.0,10
576,9.99999901978299e-05,0.0,10
577,9.99999901978299e-05,0.0,10
578,9.99999901978299e-05,0.0,10
579,9.99999901978299e-05,0.0,10
580,9.99999901978299e-05,0.0,10
581,9.99999901978299e-05,0.0,10
582,9.99999901978299e-05,0.0,10
583,9.99999901978299e-05,0.0,10
584,9.99999901978299e-05,0.0,10
585,9.99999901978299e-05,0.0,10
586,9.99999901978299e-05,0.0,10
587,9.99999901978299e-05,0.0,10
588,9.99999901978299e-05,0.0,10
589,9.99999901978299e-05,0.0,10
590,9.99999901978299e-05,0.0,10
591,9.99999901978299e-05,0.0,10
592,9.99999901978299e-05,0.0,10
593,9.99999901978299e-05,0.0,10
594,9.99999901978299e-05,0.0,10
595,9.99999901978299e-05,0.0,10
596,9.99999901978299e-05,0.0,10
597,9.99999901978299e-05,0.0,10
598,9.99999901978299e-05,0.0,10
599,9.99999901978299e-05,0.0,10
600,9.99999901978299e-05,0.0,10
601,9.99999901978299e-05,0.0,10
602,9.99999901978299e-05,0.0,10
603,9.99999901978299e-05,0.0,10
604,9.99999901978299e-05,0.0,10
605,9.99999901978299e-05,0.0,10
606,9.99999901978299e-05,0.0,10
607,9.99999901978299e-05,0.0,10
608,9.99999901978299e-05,0.0,10
609,9.99999901978299e-05,0.0,10
610,9.99999901978299e-05,0.0,10
611,9.99999901978299e-05,0.0,10
612,9.99999901978299e-05,0.0,10
613,9.99999901978299e-05,0.0,10
614,9.99999901978299e-05,0.0,10
615,9.99999901978299e-05,0.0,10
616,9.99999901978299e-05,0.0,10
617,9.99999901978299e-05,0.0,10
618,9.99999901978299e-05,0.0,10
619,9.99999901978299e-05,0.0,10
620,9.99999901978299e-05,0.0,10
621,9.99999901978299e-05,0.0,10
622,9.99999901978299e-05,0.0,10
623,9.99999901978299e-05,0.0,10
624,9.99999901978299e-05,0.0,10
625,9.99999901978299e-05,0.0,10
626,9.99999901978299e-05,0.0,10
627,9.99999901978299e-05,0.0,10
628,9.99999901978299e-05,0.0,10
629,9.99999901978299e-05,0.0,10
630,9.99999901978299e-05,0.0,10
631,9.99999901978299e-05,0.0,10
632,9.99999901978299e-05,0.0,10
633,9.99999901978299e-05,0.0,10
634,9.99999901978299e-05,0.0,10
635,9.99999901978299e-05,0.0,10
636,9.99999901978299e-05,0.0,10
637,9.99999901978299e-05,0.0,10
638,9.99999901978299e-05,0.0,10
639,9.99999901978299e-05,0.0,10
640,9.99999901978299e-05,0.0,10
641,9.99999901978299e-05,0.0,10
642,9.99999901978299e-05,0.0,10
643,9.99999901978299e-05,0.0,10
644,9.99999901978299e-05,0.0,10
645,9.99999901978299e-05,0.0,10
646,9.99999901978299e-05,0.0,10
647,9.99999901978299e-05,0.0,10
648,9.99999901978299e-05,0.0,10
649,9.99999901978299e-05,0.0,10
650,9.99999901978299e-05,0.0,10
651,9.99999901978299e-05,0.0,10
652,9.99999901978299e-05,0.0,10
653,9.99999901978299e-05,0.0,10
654,9.99999901978299e-05,0.0,10
655,9.99999901978299e-05,0.0,10
656,9.99999901978299e-05,0.0,10
657,9.99999901978299e-05,0.0,10
658,9.99999901978299e-05,0.0,10
659,9.99999901978299e-05,0.0,10
660,9.99999901978299e-05,0.0,10
661,9.99999901978299e-05,0.0,10
662,9.99999901978299e-05,0.0,10
663,9.99999901978299e-05,0.0,10
664,9.99999901978299e-05,0.0,10
665,9.99999901978299e-05,0.0,10
666,9.99999901978299e-05,0.0,10
667,9.99999901978299e-05,0.0,10
668,9.99999901978299e-05,0.0,10
669,9.99999901978299e-05,0.0,10
670,9.99999901978299e-05,0.0,10
671,9.99999901978299e-05,0.0,10
672,9.99999901978299e-05,0.0,10
673,9.99999901978299e-05,0.0,10
674,9.99999901978299e-05,0.0,10
675,9.99999901978299e-05,0.0,10
676,9.99999901978299e-05,0.0,10
677,9.99999901978299e-05,0.0,10
678,9.99999901978299e-05,0.0,10
679,9.99999901978299e-05,0.0,10
680,9.99999901978299e-05,0.0,10
681,9.99999901978299e-05,0.0,10
682,9.99999901978299e-05,0.0,10
683,9.99999901978299e-05,0.0,10
684,9.99999901978299e-05,0.0,10
685,9.99999901978299e-05,0.0,10
686,9.99999901978299e-05,0.0,10
687,9.99999901978299e-05,0.0,10
688,9.99999901978299e-05,0.0,10
689,9.99999901978299e-05,0.0,10
690,9.99999901978299e-05,0.0,10
691,9.99999901978299e-05,0.0,10
692,9.99999901978299e-05,0.0,10
693,9.99999901978299e-05,0.0,10
694,9.99999901978299e-05,0.0,10
695,9.99999901978299e-05,0.0,10
696,9.99999901978299e-05,0.0,10
697,9.99999901978299e-05,0.0,10
698,9.99999901978299e-05,0.0,10
699,9.99999901978299e-05,0.0,10
700,9.99999901978299e-05,0.0,10
701,9.99999901978299e-05,0.0,10
702,9.99999901978299e-05,0.0,10
703,9.99999901978299e-05,0.0,10
704,9.99999901978299e-05,0.0,10
705,9.99999901978299e-05,0.0,10
706,9.99999901978299e-05,0.0,10
707,9.99999901978299e-05,0.0,10
708,9.99999901978299e-05,0.0,10
709,9.99999901978299e-05,0.0,10
710,9.99999901978299e-05,0.0,10
711,9.99999901978299e-05,0.0,10
712,9.99999901978299e-05,0.0,10
713,9.99999901978299e-05,0.0,10
714,9.99999901978299e-05,0.0,10
715,9.99999901978299e-05,0.0,10
716,9.99999901978299e-05,0.0,10
717,9.99999901978299e-05,0.0,10
718,9.99999901978299e-05,0.0,10
719,9.99999901978299e-05,0.0,10
720,9.99999901978299e-05,0.0,10
721,9.99999901978299e-05,0.0,10
722,9.99999901978299e-05,0.0,10
723,9.99999901978299e-05,0.0,10
724,9.99999901978299e-05,0.0,10
725,9.99999901978299e-05,0.0,10
726,9.99999901978299e-05,0.0,10
727,9.99999901978299e-05,0.0,10
728,9.99999901978299e-05,0.0,10
729,9.99999901978299e-05,0.0,10
730,9.99999901978299e-05,0.0,10
731,9.99999901978299e-05,0.0,10
732,9.99999901978299e-05,0.0,10
733,9.99999901978299e-05,0.0,10
734,9.99999901978299e-05,0.0,10
735,9.99999901978299e-05,0.0,10
736,9.99999901978299e-05,0.0,10
737,9.99999901978299e-05,0.0,10
738,9.99999901978299e-05,0.0,10
739,9.99999901978299e-05,0.0,10
740,9.99999901978299e-05,0.0,10
741,9.99999901978299e-05,0.0,10
742,9.99999901978299e-05,0.0,10
743,9.99999901978299e-05,0.0,10
744,9.99999901978299e-05,0.0,10
745,9.99999901978299e-05,0.0,10
746,9.99999901978299e-05,0.0,10
747,9.99999901978299e-05,0.0,10
748,9.99999901978299e-05,0.0,10
749,9.99999901978299e-05,0.0,10
750,9.99999901978299e-05,0.0,10
751,9.99999901978299e-05,0.0,10
752,9.99999901978299e-05,0.0,10
753,9.99999901978299e-05,0.0,10
754,9.99999901978299e-05,0.0,10
755,9.99999901978299e-05,0.0,10
756,9.99999901978299e-05,0.0,10
757,9.99999901978299e-05,0.0,10
758,9.99999901978299e-05,0.0,10
759,9.99999901978299e-05,0.0,10
760,9.99999901978299e-05,0.0,10
761,9.99999901978299e-05,0.0,10
762,9.99999901978299e-05,0.0,10
763,9.99999901978299e-05,0.0,10
764,9.99999901978299e-05,0.0,10
765,9.99999901978299e-05,0.0,10
766,9.99999901978299e-05,0.0,10
767,9.99999901978299e-05,0.0,10
768,9.99999901978299e-05,0.0,10
769,9.99999901978299e-05,0.0,10
770,9.99999901978299e-05,0.0,10
771,9.99999901978299e-05,0.0,10
772,9.99999901978299e-05,0.0,10
773,9.99999901978299e-05,0.0,10
774,9.99999901978299e-05,0.0,10
775,9.99999901978299e-05,0.0,10
776,9.99999901978299e-05,0.0,10
777,9.99999901978299e-05,0.0,10
778,9.99999901978299e-05,0.0,10
779,9.99999901978299e-05,0.0,10
780,9.99999901978299e-05,0.0,10
781,9.99999901978299e-05,0.0,10
782,9.99999901978299e-05,0.0,10
783,9.99999901978299e-05,0.0,10
784,9.99999901978299e-05,0.0,10
785,9.99999901978299e-05,0.0,10
786,9.99999901978299e-05,0.0,10
787,9.99999901978299e-05,0.0,10
788,9.99999901978299e-05,0.0,10
789,9.99999901978299e-05,0.0,10
790,9.99999901978299e-05,0.0,10
791,9.99999901978299e-05,0.0,10
792,9.99999901978299e-05,0.0,10
793,9.99999901978299e-05,0.0,10
794,9.99999901978299e-05,0.0,10
795,9.99999901978299e-05,0.0,10
796,9.99999901978299e-05,0.0,10
797,9.99999901978299e-05,0.0,10
798,9.99999901978299e-05,0.0,10
799,9.99999901978299e-05,0.0,10
800,9.99999901978299e-05,0.0,10
801,9.99999901978299e-05,0.0,10
802,9.99999901978299e-05,0.0,10
803,9.99999901978299e-05,0.0,10
804,9.99999901978299e-05,0.0,10
805,9.99999901978299e-05,0.0,10
806,9.99999901978299e-05,0.0,10
807,9.99999901978299e-05,0.0,10
808,9.99999901978299e-05,0.0,10
809,9.99999901978299e-05,0.0,10
810,9.99999901978299e-05,0.0,10
811,9.99999901978299e-05,0.0,10
812,9.99999901978299e-05,0.0,10
813,9.99999901978299e-05,0.0,10
814,9.99999901978299e-05,0.0,10
815,9.99999901978299e-05,0.0,10
816,9.99999901978299e-05,0.0,10
817,9.99999901978299e-05,0.0,10
818,9.99999901978299e-05,0.0,10
819,9.99999901978299e-05,0.0,10
820,9.99999901978299e-05,0.0,10
821,9.99999901978299e-05,0.0,10
822,9.99999901978299e-05,0.0,10
823,9.99999901978299e-05,0.0,10
824,9.99999901978299e-05,0.0,10
825,9.99999901978299e-05,0.0,10
826,9.99999901978299e-05,0.0,10
827,9.99999901978299e-05,0.0,10
828,9.99999901978299e-05,0.0,10
829,9.99999901978299e-05,0.0,10
830,9.99999901978299e-05,0.0,10
831,9.99999901978299e-05,0.0,10
832,9.99999901978299e-05,0.0,10
833,9.99999901978299e-05,0.0,10
834,9.99999901978299e-05,0.0,10
835,9.99999901978299e-05,0.0,10
836,9.99999901978299e-05,0.0,10
837,9.99999901978299e-05,0.0,10
838,9.99999901978299e-05,0.0,10
839,9.99999901978299e-05,0.0,10
840,9.99999901978299e-05,0.0,10
841,9.99999901978299e-05,0.0,10
842,9.99999901978299e-05,0.0,10
843,9.99999901978299e-05,0.0,10
844,9.99999901978299e-05,0.0,10
845,9.99999901978299e-05,0.0,10
846,9.99999901978299e-05,0.0,10
847,9.99999901978299e-05,0.0,10
848,9.99999901978299e-05,0.0,10
849,9.99999901978299e-05,0.0,10
850,9.99999901978299e-05,0.0,10
851,9.99999901978299e-05,0.0,10
852,9.99999901978299e-05,0.0,10
853,9.99999901978299e-05,0.0,10
854,9.99999901978299e-05,0.0,10
855,9.99999901978299e-05,0.0,10
856,9.99999901978299e-05,0.0,10
857,9.99999901978299e-05,0.0,10
858,9.99999901978299e-05,0.0,10
859,9.99999901978299e-05,0.0,10
860,9.99999901978299e-05,0.0,10
861,9.99999901978299e-05,0.0,10
862,9.99999901978299e-05,0.0,10
863,9.99999901978299e-05,0.0,10
864,9.99999901978299e-05,0.0,10
865,9.99999901978299e-05,0.0,10
866,9.99999901978299e-05,0.0,10
867,9.99999901978299e-05,0.0,10
868,9.99999901978299e-05,0.0,10
869,9.99999901978299e-05,0.0,10
870,9.99999901978299e-05,0.0,10
871,9.99999901978299e-05,0.0,10
872,9.99999901978299e-05,0.0,10
873,9.99999901978299e-05,0.0,10
874,9.99999901978299e-05,0.0,10
875,9.99999901978299e-05,0.0,10
876,9.99999901978299e-05,0.0,10
877,9.99999901978299e-05,0.0,10
878,9.99999901978299e-05,0.0,10
879,9.99999901978299e-05,0.0,10
880,9.99999901978299e-05,0.0,10
881,9.99999901978299e-05,0.0,10
882,9.99999901978299e-05,0.0,10
883,9.99999901978299e-05,0.0,10
884,9.99999901978299e-05,0.0,10
885,9.99999901978299e-05,0.0,10
886,9.99999901978299e-05,0.0,10
887,9.99999901978299e-05,0.0,10
888,9.99999901978299e-05,0.0,10
889,9.99999901978299e-05,0.0,10
890,9.99999901978299e-05,0.0,10
891,9.99999901978299e-05,0.0,10
892,9.99999901978299e-05,0.0,10
893,9.99999901978299e-05,0.0,10
894,9.99999901978299e-05,0.0,10
895,9.99999901978299e-05,0.0,10
896,9.99999901978299e-05,0.0,10
897,9.99999901978299e-05,0.0,10
898,9.99999901978299e-05,0.0,10
899,9.99999901978299e-05,0.0,10
900,9.99999901978299e-05,0.0,10
901,9.99999901978299e-05,0.0,10
902,9.99999901978299e-05,0.0,10
903,9.99999901978299e-05,0.0,10
904,9.99999901978299e-05,0.0,10
905,9.99999901978299e-05,0.0,10
906,9.99999901978299e-05,0.0,10
907,9.99999901978299e-05,0.0,10
908,9.99999901978299e-05,0.0,10
909,9.99999901978299e-05,0.0,10
910,9.99999901978299e-05,0.0,10
911,9.99999901978299e-05,0.0,10
912,9.99999901978299e-05,0.0,10
913,9.99999901978299e-05,0.0,10
914,9.99999901978299e-05,0.0,10
915,9.99999901978299e-05,0.0,10
916,9.99999901978299e-05,0.0,10
917,9.99999901978299e-05,0.0,10
918,9.99999901978299e-05,0.0,10
919,9.99999901978299e-05,0.0,10
920,9.99999901978299e-05,0.0,10
921,9.99999901978299e-05,0.0,10
922,9.99999901978299e-05,0.0,10
923,9.99999901978299e-05,0.0,10
924,9.99999901978299e-05,0.0,10
925,9.99999901978299e-05,0.0,10
926,9.99999901978299e-05,0.0,10
927,9.99999901978299e-05,0.0,10
928,9.99999901978299e-05,0.0,10
929,9.99999901978299e-05,0.0,10
930,9.99999901978299e-05,0.0,10
931,9.99999901978299e-05,0.0,10
932,9.99999901978299e-05,0.0,10
933,9.99999901978299e-05,0.0,10
934,9.99999901978299e-05,0.0,10
935,9.99999901978299e-05,0.0,10
936,9.99999901978299e-05,0.0,10
937,9.99999901978299e-05,0.0,10
938,9.99999901978299e-05,0.0,10
939,9.99999901978299e-05,0.0,10
940,9.99999901978299e-05,0.0,10
941,9.99999901978299e-05,0.0,10
942,9.99999901978299e-05,0.0,10
943,9.99999901978299e-05,0.0,10
944,9.99999901978299e-05,0.0,10
945,9.99999901978299e-05,0.0,10
946,9.99999901978299e-05,0.0,10
947,9.99999901978299e-05,0.0,10
948,9.99999901978299e-05,0.0,10
949,9.99999901978299e-05,0.0,10
950,9.99999901978299e-05,0.0,10
951,9.99999901978299e-05,0.0,10
952,9.99999901978299e-05,0.0,10
953,9.99999901978299e-05,0.0,10
954,9.99999901978299e-05,0.0,10
955,9.99999901978299e-05,0.0,10
956,9.99999901978299e-05,0.0,10
957,9.99999901978299e-05,0.0,10
958,9.99999901978299e-05,0.0,10
959,9.99999901978299e-05,0.0,10
960,9.99999901978299e-05,0.0,10
961,9.99999901978299e-05,0.0,10
962,9.99999901978299e-05,0.0,10
963,9.99999901978299e-05,0.0,10
964,9.99999901978299e-05,0.0,10
965,9.99999901978299e-05,0.0,10
966,9.99999901978299e-05,0.0,10
967,9.99999901978299e-05,0.0,10
968,9.99999901978299e-05,0.0,10
969,9.99999901978299e-05,0.0,10
970,9.99999901978299e-05,0.0,10
971,9.99999901978299e-05,0.0,10
972,9.99999901978299e-05,0.0,10
973,9.99999901978299e-05,0.0,10
974,9.99999901978299e-05,0.0,10
975,9.99999901978299e-05,0.0,10
976,9.99999901978299e-05,0.0,10
977,9.99999901978299e-05,0.0,10
978,9.99999901978299e-05,0.0,10
979,9.99999901978299e-05,0.0,10
980,9.99999901978299e-05,0.0,10
981,9.99999901978299e-05,0.0,10
982,9.99999901978299e-05,0.0,10
983,9.99999901978299e-05,0.0,10
984,9.99999901978299e-05,0.0,10
985,9.99999901978299e-05,0.0,10
986,9.99999901978299e-05,0.0,10
987,9.99999901978299e-05,0.0,10
988,9.99999901978299e-05,0.0,10
989,9.99999901978299e-05,0.0,10
990,9.99999901978299e-05,0.0,10
991,9.99999901978299e-05,0.0,10
992,9.99999901978299e-05,0.0,10
993,9.99999901978299e-05,0.0,10
994,9.99999901978299e-05,0.0,10
995,9.99999901978299e-05,0.0,10
996,9.99999901978299e-05,0.0,10
997,9.99999901978299e-05,0.0,10
998,9.99999901978299e-05,0.0,10
999,9.99999901978299e-05,0.0,10
1000,9.99999901978299e-05,0.0,10
1001,9.99999901978299e-05,0.0,10
1002,9.99999901978299e-05,0.0,10
1003,9.99999901978299e-05,0.0,10
1004,9.99999901978299e-05,0.0,10
1005,9.99999901978299e-05,0.0,10
1006,9.99999901978299e-05,0.0,10
1007,9.99999901978299e-05,0.0,10
1008,9.99999901978299e-05,0.0,10
1009,9.99999901978299e-05,0.0,10
1010,9.99999901978299e-05,0.0,10
1011,9.99999901978299e-05,0.0,10
1012,9.99999901978299e-05,0.0,10
1013,9.99999901978299e-05,0.0,10
1014,9.99999901978299e-05,0.0,10
1015,9.99999901978299e-05,0.0,10
1016,9.99999901978299e-05,0.0,10
1017,9.99999901978299e-05,0.0,10
1018,9.99999901978299e-05,0.0,10
1019,9.99999901978299e-05,0.0,10
1020,9.99999901978299e-05,0.0,10
1021,9.99999901978299e-05,0.0,10
1022,9.99999901978299e-05,0.0,10
1023,9.99999901978299e-05,0.0,10
1024,9.99999901978299e-05,0.0,10
1025,9.99999901978299e-05,0.0,10
1026,9.99999901978299e-05,0.0,10
1027,9.99999901978299e-05,0.0,10
1028,9.99999901978299e-05,0.0,10
1029,9.99999901978299e-05,0.0,10
1030,9.99999901978299e-05,0.0,10
1031,9.99999901978299e-05,0.0,10
1032,9.99999901978299e-05,0.0,10
1033,9.99999901978299e-05,0.0,10
1034,9.99999901978299e-05,0.0,10
1035,9.99999901978299e-05,0.0,10
1036,9.99999901978299e-05,0.0,10
1037,9.99999901978299e-05,0.0,10
1038,9.99999901978299e-05,0.0,10
1039,9.99999901978299e-05,0.0,10
1040,9.99999901978299e-05,0.0,10
1041,9.99999901978299e-05,0.0,10
1042,9.99999901978299e-05,0.0,10
1043,9.99999901978299e-05,0.0,10
1044,9.99999901978299e-05,0.0,10
1045,9.99999901978299e-05,0.0,10
1046,9.99999901978299e-05,0.0,10
1047,9.99999901978299e-05,0.0,10
1048,9.99999901978299e-05,0.0,10
1049,9.99999901978299e-05,0.0,10
1050,9.99999901978299e-05,0.0,10
1051,9.99999901978299e-05,0.0,10
1052,9.99999901978299e-05,0.0,10
1053,9.99999901978299e-05,0.0,10
1054,9.99999901978299e-05,0.0,10
1055,9.99999901978299e-05,0.0,10
1056,9.99999901978299e-05,0.0,10
1057,9.99999901978299e-05,0.0,10
1058,9.99999901978299e-05,0.0,10
1059,9.99999901978299e-05,0.0,10
1060,9.99999901978299e-05,0.0,10
1061,9.99999901978299e-05,0.0,10
1062,9.99999901978299e-05,0.0,10
1063,9.99999901978299e-05,0.0,10
1064,9.99999901978299e-05,0.0,10
1065,9.99999901978299e-05,0.0,10
1066,9.99999901978299e-05,0.0,10
1067,9.99999901978299e-05,0.0,10
1068,9.99999901978299e-05,0.0,10
1069,9.99999901978299e-05,0.0,10
1070,9.99999901978299e-05,0.0,10
1071,9.99999901978299e-05,0.0,10
1072,9.99999901978299e-05,0.0,10
1073,9.99999901978299e-05,0.0,10
1074,9.99999901978299e-05,0.0,10
1075,9.99999901978299e-05,0.0,10
1076,9.99999901978299e-05,0.0,10
1077,9.99999901978299e-05,0.0,10
1078,9.99999901978299e-05,0.0,10
1079,9.99999901978299e-05,0.0,10
1080,9.99999901978299e-05,0.0,10
1081,9.99999901978299e-05,0.0,10
1082,9.99999901978299e-05,0.0,10
1083,9.99999901978299e-05,0.0,10
1084,9.99999901978299e-05,0.0,10
1085,9.99999901978299e-05,0.0,10
1086,9.99999901978299e-05,0.0,10
1087,9.99999901978299e-05,0.0,10
1088,9.99999901978299e-05,0.0,10
1089,9.99999901978299e-05,0.0,10
1090,9.99999901978299e-05,0.0,10
1091,9.99999901978299e-05,0.0,10
1092,9.99999901978299e-05,0.0,10
1093,9.99999901978299e-05,0.0,10
1094,9.99999901978299e-05,0.0,10
1095,9.99999901978299e-05,0.0,10
1096,9.99999901978299e-05,0.0,10
1097,9.99999901978299e-05,0.0,10
1098,9.99999901978299e-05,0.0,10
1099,9.99999901978299e-05,0.0,10
1100,9.99999901978299e-05,0.0,10
1101,9.99999901978299e-05,0.0,10
1102,9.99999901978299e-05,0.0,10
1103,9.99999901978299e-05,0.0,10
1104,9.99999901978299e-05,0.0,10
1105,9.99999901978299e-05,0.0,10
1106,9.99999901978299e-05,0.0,10
1107,9.99999901978299e-05,0.0,10
1108,9.99999901978299e-05,0.0,10
1109,9.99999901978299e-05,0.0,10
1110,9.99999901978299e-05,0.0,10
1111,9.99999901978299e-05,0.0,10
1112,9.99999901978299e-05,0.0,10
1113,9.99999901978299e-05,0.0,10
1114,9.99999901978299e-05,0.0,10
1115,9.99999901978299e-05,0.0,10
1116,9.99999901978299e-05,0.0,10
1117,9.99999901978299e-05,0.0,10
1118,9.99999901978299e-05,0.0,10
1119,9.99999901978299e-05,0.0,10
1120,9.99999901978299e-05,0.0,10
1121,9.99999901978299e-05,0.0,10
1122,9.99999901978299e-05,0.0,10
1123,9.99999901978299e-05,0.0,10
1124,9.99999901978299e-05,0.0,10
1125,9.99999901978299e-05,0.0,10
1126,9.99999901978299e-05,0.0,10
1127,9.99999901978299e-05,0.0,10
1128,9.99999901978299e-05,0.0,10
1129,9.99999901978299e-05,0.0,10
1130,9.99999901978299e-05,0.0,10
1131,9.99999901978299e-05,0.0,10
1132,9.99999901978299e-05,0.0,10
1133,9.99999901978299e-05,0.0,10
1134,9.99999901978299e-05,0.0,10
1135,9.99999901978299e-05,0.0,10
1136,9.99999901978299e-05,0.0,10
1137,9.99999901978299e-05,0.0,10
1138,9.99999901978299e-05,0.0,10
1139,9.99999901978299e-05,0.0,10
1140,9.99999901978299e-05,0.0,10
1141,9.99999901978299e-05,0.0,10
1142,9.99999901978299e-05,0.0,10
1143,9.99999901978299e-05,0.0,10
1144,9.99999901978299e-05,0.0,10
1145,9.99999901978299e-05,0.0,10
1146,9.99999901978299e-05,0.0,10
1147,9.99999901978299e-05,0.0,10
1148,9.99999901978299e-05,0.0,10
1149,9.99999901978299e-05,0.0,10
1150,9.99999901978299e-05,0.0,10
1151,9.99999901978299e-05,0.0,10
1152,9.99999901978299e-05,0.0,10
1153,9.99999901978299e-05,0.0,10
1154,9.99999901978299e-05,0.0,10
1155,9.99999901978299e-05,0.0,10
1156,9.99999901978299e-05,0.0,10
1157,9.99999901978299e-05,0.0,10
1158,9.99999901978299e-05,0.0,10
1159,9.99999901978299e-05,0.0,10
1160,9.99999901978299e-05,0.0,10
1161,9.99999901978299e-05,0.0,10
1162,9.99999901978299e-05,0.0,10
1163,9.99999901978299e-05,0.0,10
1164,9.99999901978299e-05,0.0,10
1165,9.99999901978299e-05,0.0,10
1166,9.99999901978299e-05,0.0,10
1167,9.99999901978299e-05,0.0,10
1168,9.99999901978299e-05,0.0,10
1169,9.99999901978299e-05,0.0,10
1170,9.99999901978299e-05,0.0,10
1171,9.99999901978299e-05,0.0,10
1172,9.99999901978299e-05,0.0,10
1173,9.99999901978299e-05,0.0,10
1174,9.99999901978299e-05,0.0,10
1175,9.99999901978299e-05,0.0,10
1176,9.99999901978299e-05,0.0,10
1177,9.99999901978299e-05,0.0,10
1178,9.99999901978299e-05,0.0,10
1179,9.99999901978299e-05,0.0,10
1180,9.99999901978299e-05,0.0,10
1181,9.99999901978299e-05,0.0,10
1182,9.99999901978299e-05,0.0,10
1183,9.99999901978299e-05,0.0,10
1184,9.99999901978299e-05,0.0,10
1185,9.99999901978299e-05,0.0,10
1186,9.99999901978299e-05,0.0,10
1187,9.99999901978299e-05,0.0,10
1188,9.99999901978299e-05,0.0,10
1189,9.99999901978299e-05,0.0,10
1190,9.99999901978299e-05,0.0,10
1191,9.99999901978299e-05,0.0,10
1192,9.99999901978299e-05,0.0,10
1193,9.99999901978299e-05,0.0,10
1194,9.99999901978299e-05,0.0,10
1195,9.99999901978299e-05,0.0,10
1196,9.99999901978299e-05,0.0,10
1197,9.99999901978299e-05,0.0,10
1198,9.99999901978299e-05,0.0,10
1199,9.99999901978299e-05,0.0,10
1200,9.99999901978299e-05,0.0,10
1201,9.99999901978299e-05,0.0,10
1202,9.99999901978299e-05,0.0,10
1203,9.99999901978299e-05,0.0,10
1204,9.99999901978299e-05,0.0,10
1205,9.99999901978299e-05,0.0,10
1206,9.99999901978299e-05,0.0,10
1207,9.99999901978299e-05,0.0,10
1208,9.99999901978299e-05,0.0,10
1209,9.99999901978299e-05,0.0,10
1210,9.99999901978299e-05,0.0,10
1211,9.99999901978299e-05,0.0,10
1212,9.99999901978299e-05,0.0,10
1213,9.99999901978299e-05,0.0,10
1214,9.99999901978299e-05,0.0,10
1215,9.99999901978299e-05,0.0,10
1216,9.99999901978299e-05,0.0,10
1217,9.99999901978299e-05,0.0,10
1218,9.99999901978299e-05,0.0,10
1219,9.99999901978299e-05,0.0,10
1220,9.99999901978299e-05,0.0,10
1221,9.99999901978299e-05,0.0,10
1222,9.99999901978299e-05,0.0,10
1223,9.99999901978299e-05,0.0,10
1224,9.99999901978299e-05,0.0,10
1225,9.99999901978299e-05,0.0,10
1226,9.99999901978299e-05,0.0,10
1227,9.99999901978299e-05,0.0,10
1228,9.99999901978299e-05,0.0,10
1229,9.99999901978299e-05,0.0,10
1230,9.99999901978299e-05,0.0,10
1231,9.99999901978299e-05,0.0,10
1232,9.99999901978299e-05,0.0,10
1233,9.99999901978299e-05,0.0,10
1234,9.99999901978299e-05,0.0,10
1235,9.99999901978299e-05,0.0,10
1236,9.99999901978299e-05,0.0,10
1237,9.99999901978299e-05,0.0,10
1238,9.99999901978299e-05,0.0,10
1239,9.99999901978299e-05,0.0,10
1240,9.99999901978299e-05,0.0,10
1241,9.99999901978299e-05,0.0,10
1242,9.99999901978299e-05,0.0,10
1243,9.99999901978299e-05,0.0,10
1244,9.99999901978299e-05,0.0,10
1245,9.99999901978299e-05,0.0,10
1246,9.99999901978299e-05,0.0,10
1247,9.99999901978299e-05,0.0,10
1248,9.99999901978299e-05,0.0,10
1249,9.99999901978299e-05,0.0,10
1250,9.99999901978299e-05,0.0,10
1251,9.99999901978299e-05,0.0,10
1252,9.99999901978299e-05,0.0,10
1253,9.99999901978299e-05,0.0,10
1254,9.99999901978299e-05,0.0,10
1255,9.99999901978299e-05,0.0,10
1256,9.99999901978299e-05,0.0,10
1257,9.99999901978299e-05,0.0,10
1258,9.99999901978299e-05,0.0,10
1259,9.99999901978299e-05,0.0,10
1260,9.99999901978299e-05,0.0,10
1261,9.99999901978299e-05,0.0,10
1262,9.99999901978299e-05,0.0,10
1263,9.99999901978299e-05,0.0,10
1264,9.99999901978299e-05,0.0,10
1265,9.99999901978299e-05,0.0,10
1266,9.99999901978299e-05,0.0,10
1267,9.99999901978299e-05,0.0,10
1268,9.99999901978299e-05,0.0,10
1269,9.99999901978299e-05,0.0,10
1270,9.99999901978299e-05,0.0,10
1271,9.99999901978299e-05,0.0,10
1272,9.99999901978299e-05,0.0,10
1273,9.99999901978299e-05,0.0,10
1274,9.99999901978299e-05,0.0,10
1275,9.99999901978299e-05,0.0,10
1276,9.99999901978299e-05,0.0,10
1277,9.99999901978299e-05,0.0,10
1278,9.99999901978299e-05,0.0,10
1279,9.99999901978299e-05,0.0,10
1280,9.99999901978299e-05,0.0,10
1281,9.99999901978299e-05,0.0,10
1282,9.99999901978299e-05,0.0,10
1283,9.99999901978299e-05,0.0,10
1284,9.99999901978299e-05,0.0,10
1285,9.99999901978299e-05,0.0,10
1286,9.99999901978299e-05,0.0,10
1287,9.99999901978299e-05,0.0,10
1288,9.99999901978299e-05,0.0,10
1289,9.99999901978299e-05,0.0,10
1290,9.99999901978299e-05,0.0,10
1291,9.99999901978299e-05,0.0,10
1292,9.99999901978299e-05,0.0,10
1293,9.99999901978299e-05,0.0,10
1294,9.99999901978299e-05,0.0,10
1295,9.99999901978299e-05,0.0,10
1296,9.99999901978299e-05,0.0,10
1297,9.99999901978299e-05,0.0,10
1298,9.99999901978299e-05,0.0,10
1299,9.99999901978299e-05,0.0,10
1300,9.99999901978299e-05,0.0,10
1301,9.99999901978299e-05,0.0,10
1302,9.99999901978299e-05,0.0,10
1303,9.99999901978299e-05,0.0,10
1304,9.99999901978299e-05,0.0,10
1305,9.99999901978299e-05,0.0,10
1306,9.99999901978299e-05,0.0,10
1307,9.99999901978299e-05,0.0,10
1308,9.99999901978299e-05,0.0,10
1309,9.99999901978299e-05,0.0,10
1310,9.99999901978299e-05,0.0,10
1311,9.99999901978299e-05,0.0,10
1312,9.99999901978299e-05,0.0,10
1313,9.99999901978299e-05,0.0,10
1314,9.99999901978299e-05,0.0,10
1315,9.99999901978299e-05,0.0,10
1316,9.99999901978299e-05,0.0,10
1317,9.99999901978299e-05,0.0,10
1318,9.99999901978299e-05,0.0,10
1319,9.99999901978299e-05,0.0,10
1320,9.99999901978299e-05,0.0,10
1321,9.99999901978299e-05,0.0,10
1322,9.99999901978299e-05,0.0,10
1323,9.99999901978299e-05,0.0,10
1324,9.99999901978299e-05,0.0,10
1325,9.99999901978299e-05,0.0,10
1326,9.99999901978299e-05,0.0,10
1327,9.99999901978299e-05,0.0,10
1328,9.99999901978299e-05,0.0,10
1329,9.99999901978299e-05,0.0,10
1330,9.99999901978299e-05,0.0,10
1331,9.99999901978299e-05,0.0,10
1332,9.99999901978299e-05,0.0,10
1333,9.99999901978299e-05,0.0,10
1334,9.99999901978299e-05,0.0,10
1335,9.99999901978299e-05,0.0,10
1336,9.99999901978299e-05,0.0,10
1337,9.99999901978299e-05,0.0,10
1338,9.99999901978299e-05,0.0,10
1339,9.99999901978299e-05,0.0,10
1340,9.99999901978299e-05,0.0,10
1341,9.99999901978299e-05,0.0,10
1342,9.99999901978299e-05,0.0,10
1343,9.99999901978299e-05,0.0,10
1344,9.99999901978299e-05,0.0,10
1345,9.99999901978299e-05,0.0,10
1346,9.99999901978299e-05,0.0,10
1347,9.99999901978299e-05,0.0,10
1348,9.99999901978299e-05,0.0,10
1349,9.99999901978299e-05,0.0,10
1350,9.99999901978299e-05,0.0,10
1351,9.99999901978299e-05,0.0,10
1352,9.99999901978299e-05,0.0,10
1353,9.99999901978299e-05,0.0,10
1354,9.99999901978299e-05,0.0,10
1355,9.99999901978299e-05,0.0,10
1356,9.99999901978299e-05,0.0,10
1357,9.99999901978299e-05,0.0,10
1358,9.99999901978299e-05,0.0,10
1359,9.99999901978299e-05,0.0,10
1360,9.99999901978299e-05,0.0,10
1361,9.99999901978299e-05,0.0,10
1362,9.99999901978299e-05,0.0,10
1363,9.99999901978299e-05,0.0,10
1364,9.99999901978299e-05,0.0,10
1365,9.99999901978299e-05,0.0,10
1366,9.99999901978299e-05,0.0,10
1367,9.99999901978299e-05,0.0,10
1368,9.99999901978299e-05,0.0,10
1369,9.99999901978299e-05,0.0,10
1370,9.99999901978299e-05,0.0,10
1371,9.99999901978299e-05,0.0,10
1372,9.99999901978299e-05,0.0,10
1373,9.99999901978299e-05,0.0,10
1374,9.99999901978299e-05,0.0,10
1375,9.99999901978299e-05,0.0,10
1376,9.99999901978299e-05,0.0,10
1377,9.99999901978299e-05,0.0,10
1378,9.99999901978299e-05,0.0,10
1379,9.99999901978299e-05,0.0,10
1380,9.99999901978299e-05,0.0,10
1381,9.99999901978299e-05,0.0,10
1382,9.99999901978299e-05,0.0,10
1383,9.99999901978299e-05,0.0,10
1384,9.99999901978299e-05,0.0,10
1385,9.99999901978299e-05,0.0,10
1386,9.99999901978299e-05,0.0,10
1387,9.99999901978299e-05,0.0,10
1388,9.99999901978299e-05,0.0,10
1389,9.99999901978299e-05,0.0,10
1390,9.99999901978299e-05,0.0,10
1391,9.99999901978299e-05,0.0,10
1392,9.99999901978299e-05,0.0,10
1393,9.99999901978299e-05,0.0,10
1394,9.99999901978299e-05,0.0,10
1395,9.99999901978299e-05,0.0,10
1396,9.99999901978299e-05,0.0,10
1397,9.99999901978299e-05,0.0,10
1398,9.99999901978299e-05,0.0,10
1399,9.99999901978299e-05,0.0,10
1400,9.99999901978299e-05,0.0,10
1401,9.99999901978299e-05,0.0,10
1402,9.99999901978299e-05,0.0,10
1403,9.99999901978299e-05,0.0,10
1404,9.99999901978299e-05,0.0,10
1405,9.99999901978299e-05,0.0,10
1406,9.99999901978299e-05,0.0,10
1407,9.99999901978299e-05,0.0,10
1408,9.99999901978299e-05,0.0,10
1409,9.99999901978299e-05,0.0,10
1410,9.99999901978299e-05,0.0,10
1411,9.99999901978299e-05,0.0,10
1412,9.99999901978299e-05,0.0,10
1413,9.99999901978299e-05,0.0,10
1414,9.99999901978299e-05,0.0,10
1415,9.99999901978299e-05,0.0,10
1416,9.99999901978299e-05,0.0,10
1417,9.99999901978299e-05,0.0,10
1418,9.99999901978299e-05,0.0,10
1419,9.99999901978299e-05,0.0,10
1420,9.99999901978299e-05,0.0,10
1421,9.99999901978299e-05,0.0,10
1422,9.99999901978299e-05,0.0,10
1423,9.99999901978299e-05,0.0,10
1424,9.99999901978299e-05,0.0,10
1425,9.99999901978299e-05,0.0,10
1426,9.99999901978299e-05,0.0,10
1427,9.99999901978299e-05,0.0,10
1428,9.99999901978299e-05,0.0,10
1429,9.99999901978299e-05,0.0,10
1430,9.99999901978299e-05,0.0,10
1431,9.99999901978299e-05,0.0,10
1432,9.99999901978299e-05,0.0,10
1433,9.99999901978299e-05,0.0,10
1434,9.99999901978299e-05,0.0,10
1435,9.99999901978299e-05,0.0,10
1436,9.99999901978299e-05,0.0,10
1437,9.99999901978299e-05,0.0,10
1438,9.99999901978299e-05,0.0,10
1439,9.99999901978299e-05,0.0,10
1440,9.99999901978299e-05,0.0,10
1441,9.99999901978299e-05,0.0,10
1442,9.99999901978299e-05,0.0,10
1443,9.99999901978299e-05,0.0,10
1444,9.99999901978299e-05,0.0,10
1445,9.99999901978299e-05,0.0,10
1446,9.99999901978299e-05,0.0,10
1447,9.99999901978299e-05,0.0,10
1448,9.99999901978299e-05,0.0,10
1449,9.99999901978299e-05,0.0,10
1450,9.99999901978299e-05,0.0,10
1451,9.99999901978299e-05,0.0,10
1452,9.99999901978299e-05,0.0,10
1453,9.99999901978299e-05,0.0,10
1454,9.99999901978299e-05,0.0,10
1455,9.99999901978299e-05,0.0,10
1456,9.99999901978299e-05,0.0,10
1457,9.99999901978299e-05,0.0,10
1458,9.99999901978299e-05,0.0,10
1459,9.99999901978299e-05,0.0,10
1460,9.99999901978299e-05,0.0,10
1461,9.99999901978299e-05,0.0,10
1462,9.99999901978299e-05,0.0,10
1463,9.99999901978299e-05,0.0,10
1464,9.99999901978299e-05,0.0,10
1465,9.99999901978299e-05,0.0,10
1466,9.99999901978299e-05,0.0,10
1467,9.99999901978299e-05,0.0,10
1468,9.99999901978299e-05,0.0,10
1469,9.99999901978299e-05,0.0,10
1470,9.99999901978299e-05,0.0,10
1471,9.99999901978299e-05,0.0,10
1472,9.99999901978299e-05,0.0,10
1473,9.99999901978299e-05,0.0,10
1474,9.99999901978299e-05,0.0,10
1475,9.99999901978299e-05,0.0,10
1476,9.99999901978299e-05,0.0,10
1477,9.99999901978299e-05,0.0,10
1478,9.99999901978299e-05,0.0,10
1479,9.99999901978299e-05,0.0,10
1480,9.99999901978299e-05,0.0,10
1481,9.99999901978299e-05,0.0,10
1482,9.99999901978299e-05,0.0,10
1483,9.99999901978299e-05,0.0,10
1484,9.99999901978299e-05,0.0,10
1485,9.99999901978299e-05,0.0,10
1486,9.99999901978299e-05,0.0,10
1487,9.99999901978299e-05,0.0,10
1488,9.99999901978299e-05,0.0,10
1489,9.99999901978299e-05,0.0,10
1490,9.99999901978299e-05,0.0,10
1491,9.99999901978299e-05,0.0,10
1492,9.99999901978299e-05,0.0,10
1493,9.99999901978299e-05,0.0,10
1494,9.99999901978299e-05,0.0,10
1495,9.99999901978299e-05,0.0,10
1496,9.99999901978299e-05,0.0,10
1497,9.99999901978299e-05,0.0,10
1498,9.99999901978299e-05,0.0,10
1499,9.99999901978299e-05,0.0,10
1500,9.99999901978299e-05,0.0,10
1501,9.99999901978299e-05,0.0,10
1502,9.99999901978299e-05,0.0,10
1503,9.99999901978299e-05,0.0,10
1504,9.99999901978299e-05,0.0,10
1505,9.99999901978299e-05,0.0,10
1506,9.99999901978299e-05,0.0,10
1507,9.99999901978299e-05,0.0,10
1508,9.99999901978299e-05,0.0,10
1509,9.99999901978299e-05,0.0,10
1510,9.99999901978299e-05,0.0,10
1511,9.99999901978299e-05,0.0,10
1512,9.99999901978299e-05,0.0,10
1513,9.99999901978299e-05,0.0,10
1514,9.99999901978299e-05,0.0,10
1515,9.99999901978299e-05,0.0,10
1516,9.99999901978299e-05,0.0,10
1517,9.99999901978299e-05,0.0,10
1518,9.99999901978299e-05,0.0,10
1519,9.99999901978299e-05,0.0,10
1520,9.99999901978299e-05,0.0,10
1521,9.99999901978299e-05,0.0,10
1522,9.99999901978299e-05,0.0,10
1523,9.99999901978299e-05,0.0,10
1524,9.99999901978299e-05,0.0,10
1525,9.99999901978299e-05,0.0,10
1526,9.99999901978299e-05,0.0,10
1527,9.99999901978299e-05,0.0,10
1528,9.99999901978299e-05,0.0,10
1529,9.99999901978299e-05,0.0,10
1530,9.99999901978299e-05,0.0,10
1531,9.99999901978299e-05,0.0,10
1532,9.99999901978299e-05,0.0,10
1533,9.99999901978299e-05,0.0,10
1534,9.99999901978299e-05,0.0,10
1535,9.99999901978299e-05,0.0,10
1536,9.99999901978299e-05,0.0,10
1537,9.99999901978299e-05,0.0,10
1538,9.99999901978299e-05,0.0,10
1539,9.99999901978299e-05,0.0,10
1540,9.99999901978299e-05,0.0,10
1541,9.99999901978299e-05,0.0,10
1542,9.99999901978299e-05,0.0,10
1543,9.99999901978299e-05,0.0,10
1544,9.99999901978299e-05,0.0,10
1545,9.99999901978299e-05,0.0,10
1546,9.99999901978299e-05,0.0,10
1547,9.99999901978299e-05,0.0,10
1548,9.99999901978299e-05,0.0,10
1549,9.99999901978299e-05,0.0,10
1550,9.99999901978299e-05,0.0,10
1551,9.99999901978299e-05,0.0,10
1552,9.99999901978299e-05,0.0,10
1553,9.99999901978299e-05,0.0,10
1554,9.99999901978299e-05,0.0,10
1555,9.99999901978299e-05,0.0,10
1556,9.99999901978299e-05,0.0,10
1557,9.99999901978299e-05,0.0,10
1558,9.99999901978299e-05,0.0,10
1559,9.99999901978299e-05,0.0,10
1560,9.99999901978299e-05,0.0,10
1561,9.99999901978299e-05,0.0,10
1562,9.99999901978299e-05,0.0,10
1563,9.99999901978299e-05,0.0,10
1564,9.99999901978299e-05,0.0,10
1565,9.99999901978299e-05,0.0,10
1566,9.99999901978299e-05,0.0,10
1567,9.99999901978299e-05,0.0,10
1568,9.99999901978299e-05,0.0,10
1569,9.99999901978299e-05,0.0,10
1570,9.99999901978299e-05,0.0,10
1571,9.99999901978299e-05,0.0,10
1572,9.99999901978299e-05,0.0,10
1573,9.99999901978299e-05,0.0,10
1574,9.99999901978299e-05,0.0,10
1575,9.99999901978299e-05,0.0,10
1576,9.99999901978299e-05,0.0,10
1577,9.99999901978299e-05,0.0,10
1578,9.99999901978299e-05,0.0,10
1579,9.99999901978299e-05,0.0,10
1580,9.99999901978299e-05,0.0,10
1581,9.99999901978299e-05,0.0,10
1582,9.99999901978299e-05,0.0,10
1583,9.99999901978299e-05,0.0,10
1584,9.99999901978299e-05,0.0,10
1585,9.99999901978299e-05,0.0,10
1586,9.99999901978299e-05,0.0,10
1587,9.99999901978299e-05,0.0,10
1588,9.99999901978299e-05,0.0,10
1589,9.99999901978299e-05,0.0,10
1590,9.99999901978299e-05,0.0,10
1591,9.99999901978299e-05,0.0,10
1592,9.99999901978299e-05,0.0,10
1593,9.99999901978299e-05,0.0,10
1594,9.99999901978299e-05,0.0,10
1595,9.99999901978299e-05,0.0,10
1596,9.99999901978299e-05,0.0,10
1597,9.99999901978299e-05,0.0,10
1598,9.99999901978299e-05,0.0,10
1599,9.99999901978299e-05,0.0,10
1600,9.99999901978299e-05,0.0,10
1601,9.99999901978299e-05,0.0,10
1602,9.99999901978299e-05,0.0,10
1603,9.99999901978299e-05,0.0,10
1604,9.99999901978299e-05,0.0,10
1605,9.99999901978299e-05,0.0,10
1606,9.99999901978299e-05,0.0,10
1607,9.99999901978299e-05,0.0,10
1608,9.99999901978299e-05,0.0,10
1609,9.99999901978299e-05,0.0,10
1610,9.99999901978299e-05,0.0,10
1611,9.99999901978299e-05,0.0,10
1612,9.99999901978299e-05,0.0,10
1613,9.99999901978299e-05,0.0,10
1614,9.99999901978299e-05,0.0,10
1615,9.99999901978299e-05,0.0,10
1616,9.99999901978299e-05,0.0,10
1617,9.99999901978299e-05,0.0,10
1618,9.99999901978299e-05,0.0,10
1619,9.99999901978299e-05,0.0,10
1620,9.99999901978299e-05,0.0,10
1621,9.99999901978299e-05,0.0,10
1622,9.99999901978299e-05,0.0,10
1623,9.99999901978299e-05,0.0,10
1624,9.99999901978299e-05,0.0,10
1625,9.99999901978299e-05,0.0,10
1626,9.99999901978299e-05,0.0,10
1627,9.99999901978299e-05,0.0,10
1628,9.99999901978299e-05,0.0,10
1629,9.99999901978299e-05,0.0,10
1630,9.99999901978299e-05,0.0,10
1631,9.99999901978299e-05,0.0,10
1632,9.99999901978299e-05,0.0,10
1633,9.99999901978299e-05,0.0,10
1634,9.99999901978299e-05,0.0,10
1635,9.99999901978299e-05,0.0,10
1636,9.99999901978299e-05,0.0,10
1637,9.99999901978299e-05,0.0,10
1638,9.99999901978299e-05,0.0,10
1639,9.99999901978299e-05,0.0,10
1640,9.99999901978299e-05,0.0,10
1641,9.99999901978299e-05,0.0,10
1642,9.99999901978299e-05,0.0,10
1643,9.99999901978299e-05,0.0,10
1644,9.99999901978299e-05,0.0,10
1645,9.99999901978299e-05,0.0,10
1646,9.99999901978299e-05,0.0,10
1647,9.99999901978299e-05,0.0,10
1648,9.99999901978299e-05,0.0,10
1649,9.99999901978299e-05,0.0,10
1650,9.99999901978299e-05,0.0,10
1651,9.99999901978299e-05,0.0,10
1652,9.99999901978299e-05,0.0,10
1653,9.99999901978299e-05,0.0,10
1654,9.99999901978299e-05,0.0,10
1655,9.99999901978299e-05,0.0,10
1656,9.99999901978299e-05,0.0,10
1657,9.99999901978299e-05,0.0,10
1658,9.99999901978299e-05,0.0,10
1659,9.99999901978299e-05,0.0,10
1660,9.99999901978299e-05,0.0,10
1661,9.99999901978299e-05,0.0,10
1662,9.99999901978299e-05,0.0,10
1663,9.99999901978299e-05,0.0,10
1664,9.99999901978299e-05,0.0,10
1665,9.99999901978299e-05,0.0,10
1666,9.99999901978299e-05,0.0,10
1667,9.99999901978299e-05,0.0,10
1668,9.99999901978299e-05,0.0,10
1669,9.99999901978299e-05,0.0,10
1670,9.99999901978299e-05,0.0,10
1671,9.99999901978299e-05,0.0,10
1672,9.99999901978299e-05,0.0,10
1673,9.99999901978299e-05,0.0,10
1674,9.99999901978299e-05,0.0,10
1675,9.99999901978299e-05,0.0,10
1676,9.99999901978299e-05,0.0,10
1677,9.99999901978299e-05,0.0,10
1678,9.99999901978299e-05,0.0,10
1679,9.99999901978299e-05,0.0,10
1680,9.99999901978299e-05,0.0,10
1681,9.99999901978299e-05,0.0,10
1682,9.99999901978299e-05,0.0,10
1683,9.99999901978299e-05,0.0,10
1684,9.99999901978299e-05,0.0,10
1685,9.99999901978299e-05,0.0,10
1686,9.99999901978299e-05,0.0,10
1687,9.99999901978299e-05,0.0,10
1688,9.99999901978299e-05,0.0,10
1689,9.99999901978299e-05,0.0,10
1690,9.99999901978299e-05,0.0,10
1691,9.99999901978299e-05,0.0,10
1692,9.99999901978299e-05,0.0,10
1693,9.99999901978299e-05,0.0,10
1694,9.99999901978299e-05,0.0,10
1695,9.99999901978299e-05,0.0,10
1696,9.99999901978299e-05,0.0,10
1697,9.99999901978299e-05,0.0,10
1698,9.99999901978299e-05,0.0,10
1699,9.99999901978299e-05,0.0,10
1700,9.99999901978299e-05,0.0,10
1701,9.99999901978299e-05,0.0,10
1702,9.99999901978299e-05,0.0,10
1703,9.99999901978299e-05,0.0,10
1704,9.99999901978299e-05,0.0,10
1705,9.99999901978299e-05,0.0,10
1706,9.99999901978299e-05,0.0,10
1707,9.99999901978299e-05,0.0,10
1708,9.99999901978299e-05,0.0,10
1709,9.99999901978299e-05,0.0,10
1710,9.99999901978299e-05,0.0,10
1711,9.99999901978299e-05,0.0,10
1712,9.99999901978299e-05,0.0,10
1713,9.99999901978299e-05,0.0,10
1714,9.99999901978299e-05,0.0,10
1715,9.99999901978299e-05,0.0,10
1716,9.99999901978299e-05,0.0,10
1717,9.99999901978299e-05,0.0,10
1718,9.99999901978299e-05,0.0,10
1719,9.99999901978299e-05,0.0,10
1720,9.99999901978299e-05,0.0,10
1721,9.99999901978299e-05,0.0,10
1722,9.99999901978299e-05,0.0,10
1723,9.99999901978299e-05,0.0,10
1724,9.99999901978299e-05,0.0,10
1725,9.99999901978299e-05,0.0,10
1726,9.99999901978299e-05,0.0,10
1727,9.99999901978299e-05,0.0,10
1728,9.99999901978299e-05,0.0,10
1729,9.99999901978299e-05,0.0,10
1730,9.99999901978299e-05,0.0,10
1731,9.99999901978299e-05,0.0,10
1732,9.99999901978299e-05,0.0,10
1733,9.99999901978299e-05,0.0,10
1734,9.99999901978299e-05,0.0,10
1735,9.99999901978299e-05,0.0,10
1736,9.99999901978299e-05,0.0,10
1737,9.99999901978299e-05,0.0,10
1738,9.99999901978299e-05,0.0,10
1739,9.99999901978299e-05,0.0,10
1740,9.99999901978299e-05,0.0,10
1741,9.99999901978299e-05,0.0,10
1742,9.99999901978299e-05,0.0,10
1743,9.99999901978299e-05,0.0,10
1744,9.99999901978299e-05,0.0,10
1745,9.99999901978299e-05,0.0,10
1746,9.99999901978299e-05,0.0,10
1747,9.99999901978299e-05,0.0,10
1748,9.99999901978299e-05,0.0,10
1749,9.99999901978299e-05,0.0,10
1750,9.99999901978299e-05,0.0,10
1751,9.99999901978299e-05,0.0,10
1752,9.99999901978299e-05,0.0,10
1753,9.99999901978299e-05,0.0,10
1754,9.99999901978299e-05,0.0,10
1755,9.99999901978299e-05,0.0,10
1756,9.99999901978299e-05,0.0,10
1757,9.99999901978299e-05,0.0,10
1758,9.99999901978299e-05,0.0,10
1759,9.99999901978299e-05,0.0,10
1760,9.99999901978299e-05,0.0,10
1761,9.99999901978299e-05,0.0,10
1762,9.99999901978299e-05,0.0,10
1763,9.99999901978299e-05,0.0,10
1764,9.99999901978299e-05,0.0,10
1765,9.99999901978299e-05,0.0,10
1766,9.99999901978299e-05,0.0,10
1767,9.99999901978299e-05,0.0,10
1768,9.99999901978299e-05,0.0,10
1769,9.99999901978299e-05,0.0,10
1770,9.99999901978299e-05,0.0,10
1771,9.99999901978299e-05,0.0,10
1772,9.99999901978299e-05,0.0,10
1773,9.99999901978299e-05,0.0,10
1774,9.99999901978299e-05,0.0,10
1775,9.99999901978299e-05,0.0,10
1776,9.99999901978299e-05,0.0,10
1777,9.99999901978299e-05,0.0,10
1778,9.99999901978299e-05,0.0,10
1779,9.99999901978299e-05,0.0,10
1780,9.99999901978299e-05,0.0,10
1781,9.99999901978299e-05,0.0,10
1782,9.99999901978299e-05,0.0,10
1783,9.99999901978299e-05,0.0,10
1784,9.99999901978299e-05,0.0,10
1785,9.99999901978299e-05,0.0,10
1786,9.99999901978299e-05,0.0,10
1787,9.99999901978299e-05,0.0,10
1788,9.99999901978299e-05,0.0,10
1789,9.99999901978299e-05,0.0,10
1790,9.99999901978299e-05,0.0,10
1791,9.99999901978299e-05,0.0,10
1792,9.99999901978299e-05,0.0,10
1793,9.99999901978299e-05,0.0,10
1794,9.99999901978299e-05,0.0,10
1795,9.99999901978299e-05,0.0,10
1796,9.99999901978299e-05,0.0,10
1797,9.99999901978299e-05,0.0,10
1798,9.99999901978299e-05,0.0,10
1799,9.99999901978299e-05,0.0,10
1800,9.99999901978299e-05,0.0,10
1801,9.99999901978299e-05,0.0,10
1802,9.99999901978299e-05,0.0,10
1803,9.99999901978299e-05,0.0,10
1804,9.99999901978299e-05,0.0,10
1805,9.99999901978299e-05,0.0,10
1806,9.99999901978299e-05,0.0,10
1807,9.99999901978299e-05,0.0,10
1808,9.99999901978299e-05,0.0,10
1809,9.99999901978299e-05,0.0,10
1810,9.99999901978299e-05,0.0,10
1811,9.99999901978299e-05,0.0,10
1812,9.99999901978299e-05,0.0,10
1813,9.99999901978299e-05,0.0,10
1814,9.99999901978299e-05,0.0,10
1815,9.99999901978299e-05,0.0,10
1816,9.99999901978299e-05,0.0,10
1817,9.99999901978299e-05,0.0,10
1818,9.99999901978299e-05,0.0,10
1819,9.99999901978299e-05,0.0,10
1820,9.99999901978299e-05,0.0,10
1821,9.99999901978299e-05,0.0,10
1822,9.99999901978299e-05,0.0,10
1823,9.99999901978299e-05,0.0,10
1824,9.99999901978299e-05,0.0,10
1825,9.99999901978299e-05,0.0,10
1826,9.99999901978299e-05,0.0,10
1827,9.99999901978299e-05,0.0,10
1828,9.99999901978299e-05,0.0,10
1829,9.99999901978299e-05,0.0,10
1830,9.99999901978299e-05,0.0,10
1831,9.99999901978299e-05,0.0,10
1832,9.99999901978299e-05,0.0,10
1833,9.99999901978299e-05,0.0,10
1834,9.99999901978299e-05,0.0,10
1835,9.99999901978299e-05,0.0,10
1836,9.99999901978299e-05,0.0,10
1837,9.99999901978299e-05,0.0,10
1838,9.99999901978299e-05,0.0,10
1839,9.99999901978299e-05,0.0,10
1840,9.99999901978299e-05,0.0,10
1841,9.99999901978299e-05,0.0,10
1842,9.99999901978299e-05,0.0,10
1843,9.99999901978299e-05,0.0,10
1844,9.99999901978299e-05,0.0,10
1845,9.99999901978299e-05,0.0,10
1846,9.99999901978299e-05,0.0,10
1847,9.99999901978299e-05,0.0,10
1848,9.99999901978299e-05,0.0,10
1849,9.99999901978299e-05,0.0,10
1850,9.99999901978299e-05,0.0,10
1851,9.99999901978299e-05,0.0,10
1852,9.99999901978299e-05,0.0,10
1853,9.99999901978299e-05,0.0,10
1854,9.99999901978299e-05,0.0,10
1855,9.99999901978299e-05,0.0,10
1856,9.99999901978299e-05,0.0,10
1857,9.99999901978299e-05,0.0,10
1858,9.99999901978299e-05,0.0,10
1859,9.99999901978299e-05,0.0,10
1860,9.99999901978299e-05,0.0,10
1861,9.99999901978299e-05,0.0,10
1862,9.99999901978299e-05,0.0,10
1863,9.99999901978299e-05,0.0,10
1864,9.99999901978299e-05,0.0,10
1865,9.99999901978299e-05,0.0,10
1866,9.99999901978299e-05,0.0,10
1867,9.99999901978299e-05,0.0,10
1868,9.99999901978299e-05,0.0,10
1869,9.99999901978299e-05,0.0,10
1870,9.99999901978299e-05,0.0,10
1871,9.99999901978299e-05,0.0,10
1872,9.99999901978299e-05,0.0,10
1873,9.99999901978299e-05,0.0,10
1874,9.99999901978299e-05,0.0,10
1875,9.99999901978299e-05,0.0,10
1876,9.99999901978299e-05,0.0,10
1877,9.99999901978299e-05,0.0,10
1878,9.99999901978299e-05,0.0,10
1879,9.99999901978299e-05,0.0,10
1880,9.99999901978299e-05,0.0,10
1881,9.99999901978299e-05,0.0,10
1882,9.99999901978299e-05,0.0,10
1883,9.99999901978299e-05,0.0,10
1884,9.99999901978299e-05,0.0,10
1885,9.99999901978299e-05,0.0,10
1886,9.99999901978299e-05,0.0,10
1887,9.99999901978299e-05,0.0,10
1888,9.99999901978299e-05,0.0,10
1889,9.99999901978299e-05,0.0,10
1890,9.99999901978299e-05,0.0,10
1891,9.99999901978299e-05,0.0,10
1892,9.99999901978299e-05,0.0,10
1893,9.99999901978299e-05,0.0,10
1894,9.99999901978299e-05,0.0,10
1895,9.99999901978299e-05,0.0,10
1896,9.99999901978299e-05,0.0,10
1897,9.99999901978299e-05,0.0,10
1898,9.99999901978299e-05,0.0,10
1899,9.99999901978299e-05,0.0,10
1900,9.99999901978299e-05,0.0,10
1901,9.99999901978299e-05,0.0,10
1902,9.99999901978299e-05,0.0,10
1903,9.99999901978299e-05,0.0,10
1904,9.99999901978299e-05,0.0,10
1905,9.99999901978299e-05,0.0,10
1906,9.99999901978299e-05,0.0,10
1907,9.99999901978299e-05,0.0,10
1908,9.99999901978299e-05,0.0,10
1909,9.99999901978299e-05,0.0,10
1910,9.99999901978299e-05,0.0,10
1911,9.99999901978299e-05,0.0,10
1912,9.99999901978299e-05,0.0,10
1913,9.99999901978299e-05,0.0,10
1914,9.99999901978299e-05,0.0,10
1915,9.99999901978299e-05,0.0,10
1916,9.99999901978299e-05,0.0,10
1917,9.99999901978299e-05,0.0,10
1918,9.99999901978299e-05,0.0,10
1919,9.99999901978299e-05,0.0,10
1920,9.99999901978299e-05,0.0,10
1921,9.99999901978299e-05,0.0,10
1922,9.99999901978299e-05,0.0,10
1923,9.99999901978299e-05,0.0,10
1924,9.99999901978299e-05,0.0,10
1925,9.99999901978299e-05,0.0,10
1926,9.99999901978299e-05,0.0,10
1927,9.99999901978299e-05,0.0,10
1928,9.99999901978299e-05,0.0,10
1929,9.99999901978299e-05,0.0,10
1930,9.99999901978299e-05,0.0,10
1931,9.99999901978299e-05,0.0,10
1932,9.99999901978299e-05,0.0,10
1933,9.99999901978299e-05,0.0,10
1934,9.99999901978299e-05,0.0,10
1935,9.99999901978299e-05,0.0,10
1936,9.99999901978299e-05,0.0,10
1937,9.99999901978299e-05,0.0,10
1938,9.99999901978299e-05,0.0,10
1939,9.99999901978299e-05,0.0,10
1940,9.99999901978299e-05,0.0,10
1941,9.99999901978299e-05,0.0,10
1942,9.99999901978299e-05,0.0,10
1943,9.99999901978299e-05,0.0,10
1944,9.99999901978299e-05,0.0,10
1945,9.99999901978299e-05,0.0,10
1946,9.99999901978299e-05,0.0,10
1947,9.99999901978299e-05,0.0,10
1948,9.99999901978299e-05,0.0,10
1949,9.99999901978299e-05,0.0,10
1950,9.99999901978299e-05,0.0,10
1951,9.99999901978299e-05,0.0,10
1952,9.99999901978299e-05,0.0,10
1953,9.99999901978299e-05,0.0,10
1954,9.99999901978299e-05,0.0,10
1955,9.99999901978299e-05,0.0,10
1956,9.99999901978299e-05,0.0,10
1957,9.99999901978299e-05,0.0,10
1958,9.99999901978299e-05,0.0,10
1959,9.99999901978299e-05,0.0,10
1960,9.99999901978299e-05,0.0,10
1961,9.99999901978299e-05,0.0,10
1962,9.99999901978299e-05,0.0,10
1963,9.99999901978299e-05,0.0,10
1964,9.99999901978299e-05,0.0,10
1965,9.99999901978299e-05,0.0,10
1966,9.99999901978299e-05,0.0,10
1967,9.99999901978299e-05,0.0,10
1968,9.99999901978299e-05,0.0,10
1969,9.99999901978299e-05,0.0,10
1970,9.99999901978299e-05,0.0,10
1971,9.99999901978299e-05,0.0,10
1972,9.99999901978299e-05,0.0,10
1973,9.99999901978299e-05,0.0,10
1974,9.99999901978299e-05,0.0,10
1975,9.99999901978299e-05,0.0,10
1976,9.99999901978299e-05,0.0,10
1977,9.99999901978299e-05,0.0,10
1978,9.99999901978299e-05,0.0,10
1979,9.99999901978299e-05,0.0,10
1980,9.99999901978299e-05,0.0,10
1981,9.99999901978299e-05,0.0,10
1982,9.99999901978299e-05,0.0,10
1983,9.99999901978299e-05,0.0,10
1984,9.99999901978299e-05,0.0,10
1985,9.99999901978299e-05,0.0,10
1986,9.99999901978299e-05,0.0,10
1987,9.99999901978299e-05,0.0,10
1988,9.99999901978299e-05,0.0,10
1989,9.99999901978299e-05,0.0,10
1990,9.99999901978299e-05,0.0,10
1991,9.99999901978299e-05,0.0,10
1992,9.99999901978299e-05,0.0,10
1993,9.99999901978299e-05,0.0,10
1994,9.99999901978299e-05,0.0,10
1995,9.99999901978299e-05,0.0,10
1996,9.99999901978299e-05,0.0,10
1997,9.99999901978299e-05,0.0,10
1998,9.99999901978299e-05,0.0,10
1999,9.99999901978299e-05,0.0,10
2000,9.99999901978299e-05,0.0,10
2001,9.99999901978299e-05,0.0,10
2002,9.99999901978299e-05,0.0,10
2003,9.99999901978299e-05,0.0,10
2004,9.99999901978299e-05,0.0,10
2005,9.99999901978299e-05,0.0,10
2006,9.99999901978299e-05,0.0,10
2007,9.99999901978299e-05,0.0,10
2008,9.99999901978299e-05,0.0,10
2009,9.99999901978299e-05,0.0,10
2010,9.99999901978299e-05,0.0,10
2011,9.99999901978299e-05,0.0,10
2012,9.99999901978299e-05,0.0,10
2013,9.99999901978299e-05,0.0,10
2014,9.99999901978299e-05,0.0,10
2015,9.99999901978299e-05,0.0,10
2016,9.99999901978299e-05,0.0,10
2017,9.99999901978299e-05,0.0,10
2018,9.99999901978299e-05,0.0,10
2019,9.99999901978299e-05,0.0,10
2020,9.99999901978299e-05,0.0,10
2021,9.99999901978299e-05,0.0,10
2022,9.99999901978299e-05,0.0,10
2023,9.99999901978299e-05,0.0,10
2024,9.99999901978299e-05,0.0,10
2025,9.99999901978299e-05,0.0,10
2026,9.99999901978299e-05,0.0,10
2027,9.99999901978299e-05,0.0,10
2028,9.99999901978299e-05,0.0,10
2029,9.99999901978299e-05,0.0,10
2030,9.99999901978299e-05,0.0,10
2031,9.99999901978299e-05,0.0,10
2032,9.99999901978299e-05,0.0,10
2033,9.99999901978299e-05,0.0,10
2034,9.99999901978299e-05,0.0,10
2035,9.99999901978299e-05,0.0,10
2036,9.99999901978299e-05,0.0,10
2037,9.99999901978299e-05,0.0,10
2038,9.99999901978299e-05,0.0,10
2039,9.99999901978299e-05,0.0,10
2040,9.99999901978299e-05,0.0,10
2041,9.99999901978299e-05,0.0,10
2042,9.99999901978299e-05,0.0,10
2043,9.99999901978299e-05,0.0,10
2044,9.99999901978299e-05,0.0,10
2045,9.99999901978299e-05,0.0,10
2046,9.99999901978299e-05,0.0,10
2047,9.99999901978299e-05,0.0,10
2048,9.99999901978299e-05,0.0,10
2049,9.99999901978299e-05,0.0,10
2050,9.99999901978299e-05,0.0,10
2051,9.99999901978299e-05,0.0,10
2052,9.99999901978299e-05,0.0,10
2053,9.99999901978299e-05,0.0,10
2054,9.99999901978299e-05,0.0,10
2055,9.99999901978299e-05,0.0,10
2056,9.99999901978299e-05,0.0,10
2057,9.99999901978299e-05,0.0,10
2058,9.99999901978299e-05,0.0,10
2059,9.99999901978299e-05,0.0,10
2060,9.99999901978299e-05,0.0,10
2061,9.99999901978299e-05,0.0,10
2062,9.99999901978299e-05,0.0,10
2063,9.99999901978299e-05,0.0,10
2064,9.99999901978299e-05,0.0,10
2065,9.99999901978299e-05,0.0,10
2066,9.99999901978299e-05,0.0,10
2067,9.99999901978299e-05,0.0,10
2068,9.99999901978299e-05,0.0,10
2069,9.99999901978299e-05,0.0,10
2070,9.99999901978299e-05,0.0,10
2071,9.99999901978299e-05,0.0,10
2072,9.99999901978299e-05,0.0,10
2073,9.99999901978299e-05,0.0,10
2074,9.99999901978299e-05,0.0,10
2075,9.99999901978299e-05,0.0,10
2076,9.99999901978299e-05,0.0,10
2077,9.99999901978299e-05,0.0,10
2078,9.99999901978299e-05,0.0,10
2079,9.99999901978299e-05,0.0,10
2080,9.99999901978299e-05,0.0,10
2081,9.99999901978299e-05,0.0,10
2082,9.99999901978299e-05,0.0,10
2083,9.99999901978299e-05,0.0,10
2084,9.99999901978299e-05,0.0,10
2085,9.99999901978299e-05,0.0,10
2086,9.99999901978299e-05,0.0,10
2087,9.99999901978299e-05,0.0,10
2088,9.99999901978299e-05,0.0,10
2089,9.99999901978299e-05,0.0,10
2090,9.99999901978299e-05,0.0,10
2091,9.99999901978299e-05,0.0,10
2092,9.99999901978299e-05,0.0,10
2093,9.99999901978299e-05,0.0,10
2094,9.99999901978299e-05,0.0,10
2095,9.99999901978299e-05,0.0,10
2096,9.99999901978299e-05,0.0,10
2097,9.99999901978299e-05,0.0,10
2098,9.99999901978299e-05,0.0,10
2099,9.99999901978299e-05,0.0,10
2100,9.99999901978299e-05,0.0,10
2101,9.99999901978299e-05,0.0,10
2102,9.99999901978299e-05,0.0,10
2103,9.99999901978299e-05,0.0,10
2104,9.99999901978299e-05,0.0,10
2105,9.99999901978299e-05,0.0,10
2106,9.99999901978299e-05,0.0,10
2107,9.99999901978299e-05,0.0,10
2108,9.99999901978299e-05,0.0,10
2109,9.99999901978299e-05,0.0,10
2110,9.99999901978299e-05,0.0,10
2111,9.99999901978299e-05,0.0,10
2112,9.99999901978299e-05,0.0,10
2113,9.99999901978299e-05,0.0,10
2114,9.99999901978299e-05,0.0,10
2115,9.99999901978299e-05,0.0,10
2116,9.99999901978299e-05,0.0,10
2117,9.99999901978299e-05,0.0,10
2118,9.99999901978299e-05,0.0,10
2119,9.99999901978299e-05,0.0,10
2120,9.99999901978299e-05,0.0,10
2121,9.99999901978299e-05,0.0,10
2122,9.99999901978299e-05,0.0,10
2123,9.99999901978299e-05,0.0,10
2124,9.99999901978299e-05,0.0,10
2125,9.99999901978299e-05,0.0,10
2126,9.99999901978299e-05,0.0,10
2127,9.99999901978299e-05,0.0,10
2128,9.99999901978299e-05,0.0,10
2129,9.99999901978299e-05,0.0,10
2130,9.99999901978299e-05,0.0,10
2131,9.99999901978299e-05,0.0,10
2132,9.99999901978299e-05,0.0,10
2133,9.99999901978299e-05,0.0,10
2134,9.99999901978299e-05,0.0,10
2135,9.99999901978299e-05,0.0,10
2136,9.99999901978299e-05,0.0,10
2137,9.99999901978299e-05,0.0,10
2138,9.99999901978299e-05,0.0,10
2139,9.99999901978299e-05,0.0,10
2140,9.99999901978299e-05,0.0,10
2141,9.99999901978299e-05,0.0,10
2142,9.99999901978299e-05,0.0,10
2143,9.99999901978299e-05,0.0,10
2144,9.99999901978299e-05,0.0,10
2145,9.99999901978299e-05,0.0,10
2146,9.99999901978299e-05,0.0,10
2147,9.99999901978299e-05,0.0,10
2148,9.99999901978299e-05,0.0,10
2149,9.99999901978299e-05,0.0,10
2150,9.99999901978299e-05,0.0,10
2151,9.99999901978299e-05,0.0,10
2152,9.99999901978299e-05,0.0,10
2153,9.99999901978299e-05,0.0,10
2154,9.99999901978299e-05,0.0,10
2155,9.99999901978299e-05,0.0,10
2156,9.99999901978299e-05,0.0,10
2157,9.99999901978299e-05,0.0,10
2158,9.99999901978299e-05,0.0,10
2159,9.99999901978299e-05,0.0,10
2160,9.99999901978299e-05,0.0,10
2161,9.99999901978299e-05,0.0,10
2162,9.99999901978299e-05,0.0,10
2163,9.99999901978299e-05,0.0,10
2164,9.99999901978299e-05,0.0,10
2165,9.99999901978299e-05,0.0,10
2166,9.99999901978299e-05,0.0,10
2167,9.99999901978299e-05,0.0,10
2168,9.99999901978299e-05,0.0,10
2169,9.99999901978299e-05,0.0,10
2170,9.99999901978299e-05,0.0,10
2171,9.99999901978299e-05,0.0,10
2172,9.99999901978299e-05,0.0,10
2173,9.99999901978299e-05,0.0,10
2174,9.99999901978299e-05,0.0,10
2175,9.99999901978299e-05,0.0,10
2176,9.99999901978299e-05,0.0,10
2177,9.99999901978299e-05,0.0,10
2178,9.99999901978299e-05,0.0,10
2179,9.99999901978299e-05,0.0,10
2180,9.99999901978299e-05,0.0,10
2181,9.99999901978299e-05,0.0,10
2182,9.99999901978299e-05,0.0,10
2183,9.99999901978299e-05,0.0,10
2184,9.99999901978299e-05,0.0,10
2185,9.99999901978299e-05,0.0,10
2186,9.99999901978299e-05,0.0,10
2187,9.99999901978299e-05,0.0,10
2188,9.99999901978299e-05,0.0,10
2189,9.99999901978299e-05,0.0,10
2190,9.99999901978299e-05,0.0,10
2191,9.99999901978299e-05,0.0,10
2192,9.99999901978299e-05,0.0,10
2193,9.99999901978299e-05,0.0,10
2194,9.99999901978299e-05,0.0,10
2195,9.99999901978299e-05,0.0,10
2196,9.99999901978299e-05,0.0,10
2197,9.99999901978299e-05,0.0,10
2198,9.99999901978299e-05,0.0,10
2199,9.99999901978299e-05,0.0,10
2200,9.99999901978299e-05,0.0,10
2201,9.99999901978299e-05,0.0,10
2202,9.99999901978299e-05,0.0,10
2203,9.99999901978299e-05,0.0,10
2204,9.99999901978299e-05,0.0,10
2205,9.99999901978299e-05,0.0,10
2206,9.99999901978299e-05,0.0,10
2207,9.99999901978299e-05,0.0,10
2208,9.99999901978299e-05,0.0,10
2209,9.99999901978299e-05,0.0,10
2210,9.99999901978299e-05,0.0,10
2211,9.99999901978299e-05,0.0,10
2212,9.99999901978299e-05,0.0,10
2213,9.99999901978299e-05,0.0,10
2214,9.99999901978299e-05,0.0,10
2215,9.99999901978299e-05,0.0,10
2216,9.99999901978299e-05,0.0,10
2217,9.99999901978299e-05,0.0,10
2218,9.99999901978299e-05,0.0,10
2219,9.99999901978299e-05,0.0,10
2220,9.99999901978299e-05,0.0,10
2221,9.99999901978299e-05,0.0,10
2222,9.99999901978299e-05,0.0,10
2223,9.99999901978299e-05,0.0,10
2224,9.99999901978299e-05,0.0,10
2225,9.99999901978299e-05,0.0,10
2226,9.99999901978299e-05,0.0,10
2227,9.99999901978299e-05,0.0,10
2228,9.99999901978299e-05,0.0,10
2229,9.99999901978299e-05,0.0,10
2230,9.99999901978299e-05,0.0,10
2231,9.99999901978299e-05,0.0,10
2232,9.99999901978299e-05,0.0,10
2233,9.99999901978299e-05,0.0,10
2234,9.99999901978299e-05,0.0,10
2235,9.99999901978299e-05,0.0,10
2236,9.99999901978299e-05,0.0,10
2237,9.99999901978299e-05,0.0,10
2238,9.99999901978299e-05,0.0,10
2239,9.99999901978299e-05,0.0,10
2240,9.99999901978299e-05,0.0,10
2241,9.99999901978299e-05,0.0,10
2242,9.99999901978299e-05,0.0,10
2243,9.99999901978299e-05,0.0,10
2244,9.99999901978299e-05,0.0,10
2245,9.99999901978299e-05,0.0,10
2246,9.99999901978299e-05,0.0,10
2247,9.99999901978299e-05,0.0,10
2248,9.99999901978299e-05,0.0,10
2249,9.99999901978299e-05,0.0,10
2250,9.99999901978299e-05,0.0,10
2251,9.99999901978299e-05,0.0,10
2252,9.99999901978299e-05,0.0,10
2253,9.99999901978299e-05,0.0,10
2254,9.99999901978299e-05,0.0,10
2255,9.99999901978299e-05,0.0,10
2256,9.99999901978299e-05,0.0,10
2257,9.99999901978299e-05,0.0,10
2258,9.99999901978299e-05,0.0,10
2259,9.99999901978299e-05,0.0,10
2260,9.99999901978299e-05,0.0,10
2261,9.99999901978299e-05,0.0,10
2262,9.99999901978299e-05,0.0,10
2263,9.99999901978299e-05,0.0,10
2264,9.99999901978299e-05,0.0,10
2265,9.99999901978299e-05,0.0,10
2266,9.99999901978299e-05,0.0,10
2267,9.99999901978299e-05,0.0,10
2268,9.99999901978299e-05,0.0,10
2269,9.99999901978299e-05,0.0,10
2270,9.99999901978299e-05,0.0,10
2271,9.99999901978299e-05,0.0,10
2272,9.99999901978299e-05,0.0,10
2273,9.99999901978299e-05,0.0,10
2274,9.99999901978299e-05,0.0,10
2275,9.99999901978299e-05,0.0,10
2276,9.99999901978299e-05,0.0,10
2277,9.99999901978299e-05,0.0,10
2278,9.99999901978299e-05,0.0,10
2279,9.99999901978299e-05,0.0,10
2280,9.99999901978299e-05,0.0,10
2281,9.99999901978299e-05,0.0,10
2282,9.99999901978299e-05,0.0,10
2283,9.99999901978299e-05,0.0,10
2284,9.99999901978299e-05,0.0,10
2285,9.99999901978299e-05,0.0,10
2286,9.99999901978299e-05,0.0,10
2287,9.99999901978299e-05,0.0,10
2288,9.99999901978299e-05,0.0,10
2289,9.99999901978299e-05,0.0,10
2290,9.99999901978299e-05,0.0,10
2291,9.99999901978299e-05,0.0,10
2292,9.99999901978299e-05,0.0,10
2293,9.99999901978299e-05,0.0,10
2294,9.99999901978299e-05,0.0,10
2295,9.99999901978299e-05,0.0,10
2296,9.99999901978299e-05,0.0,10
2297,9.99999901978299e-05,0.0,10
2298,9.99999901978299e-05,0.0,10
2299,9.99999901978299e-05,0.0,10
2300,9.99999901978299e-05,0.0,10
2301,9.99999901978299e-05,0.0,10
2302,9.99999901978299e-05,0.0,10
2303,9.99999901978299e-05,0.0,10
2304,9.99999901978299e-05,0.0,10
2305,9.99999901978299e-05,0.0,10
2306,9.99999901978299e-05,0.0,10
2307,9.99999901978299e-05,0.0,10
2308,9.99999901978299e-05,0.0,10
2309,9.99999901978299e-05,0.0,10
2310,9.99999901978299e-05,0.0,10
2311,9.99999901978299e-05,0.0,10
2312,9.99999901978299e-05,0.0,10
2313,9.99999901978299e-05,0.0,10
2314,9.99999901978299e-05,0.0,10
2315,9.99999901978299e-05,0.0,10
2316,9.99999901978299e-05,0.0,10
2317,9.99999901978299e-05,0.0,10
2318,9.99999901978299e-05,0.0,10
2319,9.99999901978299e-05,0.0,10
2320,9.99999901978299e-05,0.0,10
2321,9.99999901978299e-05,0.0,10
2322,9.99999901978299e-05,0.0,10
2323,9.99999901978299e-05,0.0,10
2324,9.99999901978299e-05,0.0,10
2325,9.99999901978299e-05,0.0,10
2326,9.99999901978299e-05,0.0,10
2327,9.99999901978299e-05,0.0,10
2328,9.99999901978299e-05,0.0,10
2329,9.99999901978299e-05,0.0,10
2330,9.99999901978299e-05,0.0,10
2331,9.99999901978299e-05,0.0,10
2332,9.99999901978299e-05,0.0,10
2333,9.99999901978299e-05,0.0,10
2334,9.99999901978299e-05,0.0,10
2335,9.99999901978299e-05,0.0,10
2336,9.99999901978299e-05,0.0,10
2337,9.99999901978299e-05,0.0,10
2338,9.99999901978299e-05,0.0,10
2339,9.99999901978299e-05,0.0,10
2340,9.99999901978299e-05,0.0,10
2341,9.99999901978299e-05,0.0,10
2342,9.99999901978299e-05,0.0,10
2343,9.99999901978299e-05,0.0,10
2344,9.99999901978299e-05,0.0,10
2345,9.99999901978299e-05,0.0,10
2346,9.99999901978299e-05,0.0,10
2347,9.99999901978299e-05,0.0,10
2348,9.99999901978299e-05,0.0,10
2349,9.99999901978299e-05,0.0,10
2350,9.99999901978299e-05,0.0,10
2351,9.99999901978299e-05,0.0,10
2352,9.99999901978299e-05,0.0,10
2353,9.99999901978299e-05,0.0,10
2354,9.99999901978299e-05,0.0,10
2355,9.99999901978299e-05,0.0,10
2356,9.99999901978299e-05,0.0,10
2357,9.99999901978299e-05,0.0,10
2358,9.99999901978299e-05,0.0,10
2359,9.99999901978299e-05,0.0,10
2360,9.99999901978299e-05,0.0,10
2361,9.99999901978299e-05,0.0,10
2362,9.99999901978299e-05,0.0,10
2363,9.99999901978299e-05,0.0,10
2364,9.99999901978299e-05,0.0,10
2365,9.99999901978299e-05,0.0,10
2366,9.99999901978299e-05,0.0,10
2367,9.99999901978299e-05,0.0,10
2368,9.99999901978299e-05,0.0,10
2369,9.99999901978299e-05,0.0,10
2370,9.99999901978299e-05,0.0,10
2371,9.99999901978299e-05,0.0,10
2372,9.99999901978299e-05,0.0,10
2373,9.99999901978299e-05,0.0,10
2374,9.99999901978299e-05,0.0,10
2375,9.99999901978299e-05,0.0,10
2376,9.99999901978299e-05,0.0,10
2377,9.99999901978299e-05,0.0,10
2378,9.99999901978299e-05,0.0,10
2379,9.99999901978299e-05,0.0,10
2380,9.99999901978299e-05,0.0,10
2381,9.99999901978299e-05,0.0,10
2382,9.99999901978299e-05,0.0,10
2383,9.99999901978299e-05,0.0,10
2384,9.99999901978299e-05,0.0,10
2385,9.99999901978299e-05,0.0,10
2386,9.99999901978299e-05,0.0,10
2387,9.99999901978299e-05,0.0,10
2388,9.99999901978299e-05,0.0,10
2389,9.99999901978299e-05,0.0,10
2390,9.99999901978299e-05,0.0,10
2391,9.99999901978299e-05,0.0,10
2392,9.99999901978299e-05,0.0,10
2393,9.99999901978299e-05,0.0,10
2394,9.99999901978299e-05,0.0,10
2395,9.99999901978299e-05,0.0,10
2396,9.99999901978299e-05,0.0,10
2397,9.99999901978299e-05,0.0,10
2398,9.99999901978299e-05,0.0,10
2399,9.99999901978299e-05,0.0,10
2400,9.99999901978299e-05,0.0,10
2401,9.99999901978299e-05,0.0,10
2402,9.99999901978299e-05,0.0,10
2403,9.99999901978299e-05,0.0,10
2404,9.99999901978299e-05,0.0,10
2405,9.99999901978299e-05,0.0,10
2406,9.99999901978299e-05,0.0,10
2407,9.99999901978299e-05,0.0,10
2408,9.99999901978299e-05,0.0,10
2409,9.99999901978299e-05,0.0,10
2410,9.99999901978299e-05,0.0,10
2411,9.99999901978299e-05,0.0,10
2412,9.99999901978299e-05,0.0,10
2413,9.99999901978299e-05,0.0,10
2414,9.99999901978299e-05,0.0,10
2415,9.99999901978299e-05,0.0,10
2416,9.99999901978299e-05,0.0,10
2417,9.99999901978299e-05,0.0,10
2418,9.99999901978299e-05,0.0,10
2419,9.99999901978299e-05,0.0,10
2420,9.99999901978299e-05,0.0,10
2421,9.99999901978299e-05,0.0,10
2422,9.99999901978299e-05,0.0,10
2423,9.99999901978299e-05,0.0,10
2424,9.99999901978299e-05,0.0,10
2425,9.99999901978299e-05,0.0,10
2426,9.99999901978299e-05,0.0,10
2427,9.99999901978299e-05,0.0,10
2428,9.99999901978299e-05,0.0,10
2429,9.99999901978299e-05,0.0,10
2430,9.99999901978299e-05,0.0,10
2431,9.99999901978299e-05,0.0,10
2432,9.99999901978299e-05,0.0,10
2433,9.99999901978299e-05,0.0,10
2434,9.99999901978299e-05,0.0,10
2435,9.99999901978299e-05,0.0,10
2436,9.99999901978299e-05,0.0,10
2437,9.99999901978299e-05,0.0,10
2438,9.99999901978299e-05,0.0,10
2439,9.99999901978299e-05,0.0,10
2440,9.99999901978299e-05,0.0,10
2441,9.99999901978299e-05,0.0,10
2442,9.99999901978299e-05,0.0,10
2443,9.99999901978299e-05,0.0,10
2444,9.99999901978299e-05,0.0,10
2445,9.99999901978299e-05,0.0,10
2446,9.99999901978299e-05,0.0,10
2447,9.99999901978299e-05,0.0,10
2448,9.99999901978299e-05,0.0,10
2449,9.99999901978299e-05,0.0,10
2450,9.99999901978299e-05,0.0,10
2451,9.99999901978299e-05,0.0,10
2452,9.99999901978299e-05,0.0,10
2453,9.99999901978299e-05,0.0,10
2454,9.99999901978299e-05,0.0,10
2455,9.99999901978299e-05,0.0,10
2456,9.99999901978299e-05,0.0,10
2457,9.99999901978299e-05,0.0,10
2458,9.99999901978299e-05,0.0,10
2459,9.99999901978299e-05,0.0,10
2460,9.99999901978299e-05,0.0,10
2461,9.99999901978299e-05,0.0,10
2462,9.99999901978299e-05,0.0,10
2463,9.99999901978299e-05,0.0,10
2464,9.99999901978299e-05,0.0,10
2465,9.99999901978299e-05,0.0,10
2466,9.99999901978299e-05,0.0,10
2467,9.99999901978299e-05,0.0,10
2468,9.99999901978299e-05,0.0,10
2469,9.99999901978299e-05,0.0,10
2470,9.99999901978299e-05,0.0,10
2471,9.99999901978299e-05,0.0,10
2472,9.99999901978299e-05,0.0,10
2473,9.99999901978299e-05,0.0,10
2474,9.99999901978299e-05,0.0,10
2475,9.99999901978299e-05,0.0,10
2476,9.99999901978299e-05,0.0,10
2477,9.99999901978299e-05,0.0,10
2478,9.99999901978299e-05,0.0,10
2479,9.99999901978299e-05,0.0,10
2480,9.99999901978299e-05,0.0,10
2481,9.99999901978299e-05,0.0,10
2482,9.99999901978299e-05,0.0,10
2483,9.99999901978299e-05,0.0,10
2484,9.99999901978299e-05,0.0,10
2485,9.99999901978299e-05,0.0,10
2486,9.99999901978299e-05,0.0,10
2487,9.99999901978299e-05,0.0,10
2488,9.99999901978299e-05,0.0,10
2489,9.99999901978299e-05,0.0,10
2490,9.99999901978299e-05,0.0,10
2491,9.99999901978299e-05,0.0,10
2492,9.99999901978299e-05,0.0,10
2493,9.99999901978299e-05,0.0,10
2494,9.99999901978299e-05,0.0,10
2495,9.99999901978299e-05,0.0,10
2496,9.99999901978299e-05,0.0,10
2497,9.99999901978299e-05,0.0,10
2498,9.99999901978299e-05,0.0,10
2499,9.99999901978299e-05,0.0,10
2500,9.99999901978299e-05,0.0,10
2501,9.99999901978299e-05,0.0,10
2502,9.99999901978299e-05,0.0,10
2503,9.99999901978299e-05,0.0,10
2504,9.99999901978299e-05,0.0,10
2505,9.99999901978299e-05,0.0,10
2506,9.99999901978299e-05,0.0,10
2507,9.99999901978299e-05,0.0,10
2508,9.99999901978299e-05,0.0,10
2509,9.99999901978299e-05,0.0,10
2510,9.99999901978299e-05,0.0,10
2511,9.99999901978299e-05,0.0,10
2512,9.99999901978299e-05,0.0,10
2513,9.99999901978299e-05,0.0,10
2514,9.99999901978299e-05,0.0,10
2515,9.99999901978299e-05,0.0,10
2516,9.99999901978299e-05,0.0,10
2517,9.99999901978299e-05,0.0,10
2518,9.99999901978299e-05,0.0,10
2519,9.99999901978299e-05,0.0,10
2520,9.99999901978299e-05,0.0,10
2521,9.99999901978299e-05,0.0,10
2522,9.99999901978299e-05,0.0,10
2523,9.99999901978299e-05,0.0,10
2524,9.99999901978299e-05,0.0,10
2525,9.99999901978299e-05,0.0,10
2526,9.99999901978299e-05,0.0,10
2527,9.99999901978299e-05,0.0,10
2528,9.99999901978299e-05,0.0,10
2529,9.99999901978299e-05,0.0,10
2530,9.99999901978299e-05,0.0,10
2531,9.99999901978299e-05,0.0,10
2532,9.99999901978299e-05,0.0,10
2533,9.99999901978299e-05,0.0,10
2534,9.99999901978299e-05,0.0,10
2535,9.99999901978299e-05,0.0,10
2536,9.99999901978299e-05,0.0,10
2537,9.99999901978299e-05,0.0,10
2538,9.99999901978299e-05,0.0,10
2539,9.99999901978299e-05,0.0,10
2540,9.99999901978299e-05,0.0,10
2541,9.99999901978299e-05,0.0,10
2542,9.99999901978299e-05,0.0,10
2543,9.99999901978299e-05,0.0,10
2544,9.99999901978299e-05,0.0,10
2545,9.99999901978299e-05,0.0,10
2546,9.99999901978299e-05,0.0,10
2547,9.99999901978299e-05,0.0,10
2548,9.99999901978299e-05,0.0,10
2549,9.99999901978299e-05,0.0,10
2550,9.99999901978299e-05,0.0,10
2551,9.99999901978299e-05,0.0,10
2552,9.99999901978299e-05,0.0,10
2553,9.99999901978299e-05,0.0,10
2554,9.99999901978299e-05,0.0,10
2555,9.99999901978299e-05,0.0,10
2556,9.99999901978299e-05,0.0,10
2557,9.99999901978299e-05,0.0,10
2558,9.99999901978299e-05,0.0,10
2559,9.99999901978299e-05,0.0,10
2560,9.99999901978299e-05,0.0,10
2561,9.99999901978299e-05,0.0,10
2562,9.99999901978299e-05,0.0,10
2563,9.99999901978299e-05,0.0,10
2564,9.99999901978299e-05,0.0,10
2565,9.99999901978299e-05,0.0,10
2566,9.99999901978299e-05,0.0,10
2567,9.99999901978299e-05,0.0,10
2568,9.99999901978299e-05,0.0,10
2569,9.99999901978299e-05,0.0,10
2570,9.99999901978299e-05,0.0,10
2571,9.99999901978299e-05,0.0,10
2572,9.99999901978299e-05,0.0,10
2573,9.99999901978299e-05,0.0,10
2574,9.99999901978299e-05,0.0,10
2575,9.99999901978299e-05,0.0,10
2576,9.99999901978299e-05,0.0,10
2577,9.99999901978299e-05,0.0,10
2578,9.99999901978299e-05,0.0,10
2579,9.99999901978299e-05,0.0,10
2580,9.99999901978299e-05,0.0,10
2581,9.99999901978299e-05,0.0,10
2582,9.99999901978299e-05,0.0,10
2583,9.99999901978299e-05,0.0,10
2584,9.99999901978299e-05,0.0,10
2585,9.99999901978299e-05,0.0,10
2586,9.99999901978299e-05,0.0,10
2587,9.99999901978299e-05,0.0,10
2588,9.99999901978299e-05,0.0,10
2589,9.99999901978299e-05,0.0,10
2590,9.99999901978299e-05,0.0,10
2591,9.99999901978299e-05,0.0,10
2592,9.99999901978299e-05,0.0,10
2593,9.99999901978299e-05,0.0,10
2594,9.99999901978299e-05,0.0,10
2595,9.99999901978299e-05,0.0,10
2596,9.99999901978299e-05,0.0,10
2597,9.99999901978299e-05,0.0,10
2598,9.99999901978299e-05,0.0,10
2599,9.99999901978299e-05,0.0,10
2600,9.99999901978299e-05,0.0,10
2601,9.99999901978299e-05,0.0,10
2602,9.99999901978299e-05,0.0,10
2603,9.99999901978299e-05,0.0,10
2604,9.99999901978299e-05,0.0,10
2605,9.99999901978299e-05,0.0,10
2606,9.99999901978299e-05,0.0,10
2607,9.99999901978299e-05,0.0,10
2608,9.99999901978299e-05,0.0,10
2609,9.99999901978299e-05,0.0,10
2610,9.99999901978299e-05,0.0,10
2611,9.99999901978299e-05,0.0,10
2612,9.99999901978299e-05,0.0,10
2613,9.99999901978299e-05,0.0,10
2614,9.99999901978299e-05,0.0,10
2615,9.99999901978299e-05,0.0,10
2616,9.99999901978299e-05,0.0,10
2617,9.99999901978299e-05,0.0,10
2618,9.99999901978299e-05,0.0,10
2619,9.99999901978299e-05,0.0,10
2620,9.99999901978299e-05,0.0,10
2621,9.99999901978299e-05,0.0,10
2622,9.99999901978299e-05,0.0,10
2623,9.99999901978299e-05,0.0,10
2624,9.99999901978299e-05,0.0,10
2625,9.99999901978299e-05,0.0,10
2626,9.99999901978299e-05,0.0,10
2627,9.99999901978299e-05,0.0,10
2628,9.99999901978299e-05,0.0,10
2629,9.99999901978299e-05,0.0,10
2630,9.99999901978299e-05,0.0,10
2631,9.99999901978299e-05,0.0,10
2632,9.99999901978299e-05,0.0,10
2633,9.99999901978299e-05,0.0,10
2634,9.99999901978299e-05,0.0,10
2635,9.99999901978299e-05,0.0,10
2636,9.99999901978299e-05,0.0,10
2637,9.99999901978299e-05,0.0,10
2638,9.99999901978299e-05,0.0,10
2639,9.99999901978299e-05,0.0,10
2640,9.99999901978299e-05,0.0,10
2641,9.99999901978299e-05,0.0,10
2642,9.99999901978299e-05,0.0,10
2643,9.99999901978299e-05,0.0,10
2644,9.99999901978299e-05,0.0,10
2645,9.99999901978299e-05,0.0,10
2646,9.99999901978299e-05,0.0,10
2647,9.99999901978299e-05,0.0,10
2648,9.99999901978299e-05,0.0,10
2649,9.99999901978299e-05,0.0,10
2650,9.99999901978299e-05,0.0,10
2651,9.99999901978299e-05,0.0,10
2652,9.99999901978299e-05,0.0,10
2653,9.99999901978299e-05,0.0,10
2654,9.99999901978299e-05,0.0,10
2655,9.99999901978299e-05,0.0,10
2656,9.99999901978299e-05,0.0,10
2657,9.99999901978299e-05,0.0,10
2658,9.99999901978299e-05,0.0,10
2659,9.99999901978299e-05,0.0,10
2660,9.99999901978299e-05,0.0,10
2661,9.99999901978299e-05,0.0,10
2662,9.99999901978299e-05,0.0,10
2663,9.99999901978299e-05,0.0,10
2664,9.99999901978299e-05,0.0,10
2665,9.99999901978299e-05,0.0,10
2666,9.99999901978299e-05,0.0,10
2667,9.99999901978299e-05,0.0,10
2668,9.99999901978299e-05,0.0,10
2669,9.99999901978299e-05,0.0,10
2670,9.99999901978299e-05,0.0,10
2671,9.99999901978299e-05,0.0,10
2672,9.99999901978299e-05,0.0,10
2673,9.99999901978299e-05,0.0,10
2674,9.99999901978299e-05,0.0,10
2675,9.99999901978299e-05,0.0,10
2676,9.99999901978299e-05,0.0,10
2677,9.99999901978299e-05,0.0,10
2678,9.99999901978299e-05,0.0,10
2679,9.99999901978299e-05,0.0,10
2680,9.99999901978299e-05,0.0,10
2681,9.99999901978299e-05,0.0,10
2682,9.99999901978299e-05,0.0,10
2683,9.99999901978299e-05,0.0,10
2684,9.99999901978299e-05,0.0,10
2685,9.99999901978299e-05,0.0,10
2686,9.99999901978299e-05,0.0,10
2687,9.99999901978299e-05,0.0,10
2688,9.99999901978299e-05,0.0,10
2689,9.99999901978299e-05,0.0,10
2690,9.99999901978299e-05,0.0,10
2691,9.99999901978299e-05,0.0,10
2692,9.99999901978299e-05,0.0,10
2693,9.99999901978299e-05,0.0,10
2694,9.99999901978299e-05,0.0,10
2695,9.99999901978299e-05,0.0,10
2696,9.99999901978299e-05,0.0,10
2697,9.99999901978299e-05,0.0,10
2698,9.99999901978299e-05,0.0,10
2699,9.99999901978299e-05,0.0,10
2700,9.99999901978299e-05,0.0,10
2701,9.99999901978299e-05,0.0,10
2702,9.99999901978299e-05,0.0,10
2703,9.99999901978299e-05,0.0,10
2704,9.99999901978299e-05,0.0,10
2705,9.99999901978299e-05,0.0,10
2706,9.99999901978299e-05,0.0,10
2707,9.99999901978299e-05,0.0,10
2708,9.99999901978299e-05,0.0,10
2709,9.99999901978299e-05,0.0,10
2710,9.99999901978299e-05,0.0,10
2711,9.99999901978299e-05,0.0,10
2712,9.99999901978299e-05,0.0,10
2713,9.99999901978299e-05,0.0,10
2714,9.99999901978299e-05,0.0,10
2715,9.99999901978299e-05,0.0,10
2716,9.99999901978299e-05,0.0,10
2717,9.99999901978299e-05,0.0,10
2718,9.99999901978299e-05,0.0,10
2719,9.99999901978299e-05,0.0,10
2720,9.99999901978299e-05,0.0,10
2721,9.99999901978299e-05,0.0,10
2722,9.99999901978299e-05,0.0,10
2723,9.99999901978299e-05,0.0,10
2724,9.99999901978299e-05,0.0,10
2725,9.99999901978299e-05,0.0,10
2726,9.99999901978299e-05,0.0,10
2727,9.99999901978299e-05,0.0,10
2728,9.99999901978299e-05,0.0,10
2729,9.99999901978299e-05,0.0,10
2730,9.99999901978299e-05,0.0,10
2731,9.99999901978299e-05,0.0,10
2732,9.99999901978299e-05,0.0,10
2733,9.99999901978299e-05,0.0,10
2734,9.99999901978299e-05,0.0,10
2735,9.99999901978299e-05,0.0,10
2736,9.99999901978299e-05,0.0,10
2737,9.99999901978299e-05,0.0,10
2738,9.99999901978299e-05,0.0,10
2739,9.99999901978299e-05,0.0,10
2740,9.99999901978299e-05,0.0,10
2741,9.99999901978299e-05,0.0,10
2742,9.99999901978299e-05,0.0,10
2743,9.99999901978299e-05,0.0,10
2744,9.99999901978299e-05,0.0,10
2745,9.99999901978299e-05,0.0,10
2746,9.99999901978299e-05,0.0,10
2747,9.99999901978299e-05,0.0,10
2748,9.99999901978299e-05,0.0,10
2749,9.99999901978299e-05,0.0,10
2750,9.99999901978299e-05,0.0,10
2751,9.99999901978299e-05,0.0,10
2752,9.99999901978299e-05,0.0,10
2753,9.99999901978299e-05,0.0,10
2754,9.99999901978299e-05,0.0,10
2755,9.99999901978299e-05,0.0,10
2756,9.99999901978299e-05,0.0,10
2757,9.99999901978299e-05,0.0,10
2758,9.99999901978299e-05,0.0,10
2759,9.99999901978299e-05,0.0,10
2760,9.99999901978299e-05,0.0,10
2761,9.99999901978299e-05,0.0,10
2762,9.99999901978299e-05,0.0,10
2763,9.99999901978299e-05,0.0,10
2764,9.99999901978299e-05,0.0,10
2765,9.99999901978299e-05,0.0,10
2766,9.99999901978299e-05,0.0,10
2767,9.99999901978299e-05,0.0,10
2768,9.99999901978299e-05,0.0,10
2769,9.99999901978299e-05,0.0,10
2770,9.99999901978299e-05,0.0,10
2771,9.99999901978299e-05,0.0,10
2772,9.99999901978299e-05,0.0,10
2773,9.99999901978299e-05,0.0,10
2774,9.99999901978299e-05,0.0,10
2775,9.99999901978299e-05,0.0,10
2776,9.99999901978299e-05,0.0,10
2777,9.99999901978299e-05,0.0,10
2778,9.99999901978299e-05,0.0,10
2779,9.99999901978299e-05,0.0,10
2780,9.99999901978299e-05,0.0,10
2781,9.99999901978299e-05,0.0,10
2782,9.99999901978299e-05,0.0,10
2783,9.99999901978299e-05,0.0,10
2784,9.99999901978299e-05,0.0,10
2785,9.99999901978299e-05,0.0,10
2786,9.99999901978299e-05,0.0,10
2787,9.99999901978299e-05,0.0,10
2788,9.99999901978299e-05,0.0,10
2789,9.99999901978299e-05,0.0,10
2790,9.99999901978299e-05,0.0,10
2791,9.99999901978299e-05,0.0,10
2792,9.99999901978299e-05,0.0,10
2793,9.99999901978299e-05,0.0,10
2794,9.99999901978299e-05,0.0,10
2795,9.99999901978299e-05,0.0,10
2796,9.99999901978299e-05,0.0,10
2797,9.99999901978299e-05,0.0,10
2798,9.99999901978299e-05,0.0,10
2799,9.99999901978299e-05,0.0,10
2800,9.99999901978299e-05,0.0,10
2801,9.99999901978299e-05,0.0,10
2802,9.99999901978299e-05,0.0,10
2803,9.99999901978299e-05,0.0,10
2804,9.99999901978299e-05,0.0,10
2805,9.99999901978299e-05,0.0,10
2806,9.99999901978299e-05,0.0,10
2807,9.99999901978299e-05,0.0,10
2808,9.99999901978299e-05,0.0,10
2809,9.99999901978299e-05,0.0,10
2810,9.99999901978299e-05,0.0,10
2811,9.99999901978299e-05,0.0,10
2812,9.99999901978299e-05,0.0,10
2813,9.99999901978299e-05,0.0,10
2814,9.99999901978299e-05,0.0,10
2815,9.99999901978299e-05,0.0,10
2816,9.99999901978299e-05,0.0,10
2817,9.99999901978299e-05,0.0,10
2818,9.99999901978299e-05,0.0,10
2819,9.99999901978299e-05,0.0,10
2820,9.99999901978299e-05,0.0,10
2821,9.99999901978299e-05,0.0,10
2822,9.99999901978299e-05,0.0,10
2823,9.99999901978299e-05,0.0,10
2824,9.99999901978299e-05,0.0,10
2825,9.99999901978299e-05,0.0,10
2826,9.99999901978299e-05,0.0,10
2827,9.99999901978299e-05,0.0,10
2828,9.99999901978299e-05,0.0,10
2829,9.99999901978299e-05,0.0,10
2830,9.99999901978299e-05,0.0,10
2831,9.99999901978299e-05,0.0,10
2832,9.99999901978299e-05,0.0,10
2833,9.99999901978299e-05,0.0,10
2834,9.99999901978299e-05,0.0,10
2835,9.99999901978299e-05,0.0,10
2836,9.99999901978299e-05,0.0,10
2837,9.99999901978299e-05,0.0,10
2838,9.99999901978299e-05,0.0,10
2839,9.99999901978299e-05,0.0,10
2840,9.99999901978299e-05,0.0,10
2841,9.99999901978299e-05,0.0,10
2842,9.99999901978299e-05,0.0,10
2843,9.99999901978299e-05,0.0,10
2844,9.99999901978299e-05,0.0,10
2845,9.99999901978299e-05,0.0,10
2846,9.99999901978299e-05,0.0,10
2847,9.99999901978299e-05,0.0,10
2848,9.99999901978299e-05,0.0,10
2849,9.99999901978299e-05,0.0,10
2850,9.99999901978299e-05,0.0,10
2851,9.99999901978299e-05,0.0,10
2852,9.99999901978299e-05,0.0,10
2853,9.99999901978299e-05,0.0,10
2854,9.99999901978299e-05,0.0,10
2855,9.99999901978299e-05,0.0,10
2856,9.99999901978299e-05,0.0,10
2857,9.99999901978299e-05,0.0,10
2858,9.99999901978299e-05,0.0,10
2859,9.99999901978299e-05,0.0,10
2860,9.99999901978299e-05,0.0,10
2861,9.99999901978299e-05,0.0,10
2862,9.99999901978299e-05,0.0,10
2863,9.99999901978299e-05,0.0,10
2864,9.99999901978299e-05,0.0,10
2865,9.99999901978299e-05,0.0,10
2866,9.99999901978299e-05,0.0,10
2867,9.99999901978299e-05,0.0,10
2868,9.99999901978299e-05,0.0,10
2869,9.99999901978299e-05,0.0,10
2870,9.99999901978299e-05,0.0,10
2871,9.99999901978299e-05,0.0,10
2872,9.99999901978299e-05,0.0,10
2873,9.99999901978299e-05,0.0,10
2874,9.99999901978299e-05,0.0,10
2875,9.99999901978299e-05,0.0,10
2876,9.99999901978299e-05,0.0,10
2877,9.99999901978299e-05,0.0,10
2878,9.99999901978299e-05,0.0,10
2879,9.99999901978299e-05,0.0,10
2880,9.99999901978299e-05,0.0,10
2881,9.99999901978299e-05,0.0,10
2882,9.99999901978299e-05,0.0,10
2883,9.99999901978299e-05,0.0,10
2884,9.99999901978299e-05,0.0,10
2885,9.99999901978299e-05,0.0,10
2886,9.99999901978299e-05,0.0,10
2887,9.99999901978299e-05,0.0,10
2888,9.99999901978299e-05,0.0,10
2889,9.99999901978299e-05,0.0,10
2890,9.99999901978299e-05,0.0,10
2891,9.99999901978299e-05,0.0,10
2892,9.99999901978299e-05,0.0,10
2893,9.99999901978299e-05,0.0,10
2894,9.99999901978299e-05,0.0,10
2895,9.99999901978299e-05,0.0,10
2896,9.99999901978299e-05,0.0,10
2897,9.99999901978299e-05,0.0,10
2898,9.99999901978299e-05,0.0,10
2899,9.99999901978299e-05,0.0,10
2900,9.99999901978299e-05,0.0,10
2901,9.99999901978299e-05,0.0,10
2902,9.99999901978299e-05,0.0,10
2903,9.99999901978299e-05,0.0,10
2904,9.99999901978299e-05,0.0,10
2905,9.99999901978299e-05,0.0,10
2906,9.99999901978299e-05,0.0,10
2907,9.99999901978299e-05,0.0,10
2908,9.99999901978299e-05,0.0,10
2909,9.99999901978299e-05,0.0,10
2910,9.99999901978299e-05,0.0,10
2911,9.99999901978299e-05,0.0,10
2912,9.99999901978299e-05,0.0,10
2913,9.99999901978299e-05,0.0,10
2914,9.99999901978299e-05,0.0,10
2915,9.99999901978299e-05,0.0,10
2916,9.99999901978299e-05,0.0,10
2917,9.99999901978299e-05,0.0,10
2918,9.99999901978299e-05,0.0,10
2919,9.99999901978299e-05,0.0,10
2920,9.99999901978299e-05,0.0,10
2921,9.99999901978299e-05,0.0,10
2922,9.99999901978299e-05,0.0,10
2923,9.99999901978299e-05,0.0,10
2924,9.99999901978299e-05,0.0,10
2925,9.99999901978299e-05,0.0,10
2926,9.99999901978299e-05,0.0,10
2927,9.99999901978299e-05,0.0,10
2928,9.99999901978299e-05,0.0,10
2929,9.99999901978299e-05,0.0,10
2930,9.99999901978299e-05,0.0,10
2931,9.99999901978299e-05,0.0,10
2932,9.99999901978299e-05,0.0,10
2933,9.99999901978299e-05,0.0,10
2934,9.99999901978299e-05,0.0,10
2935,9.99999901978299e-05,0.0,10
2936,9.99999901978299e-05,0.0,10
2937,9.99999901978299e-05,0.0,10
2938,9.99999901978299e-05,0.0,10
2939,9.99999901978299e-05,0.0,10
2940,9.99999901978299e-05,0.0,10
2941,9.99999901978299e-05,0.0,10
2942,9.99999901978299e-05,0.0,10
2943,9.99999901978299e-05,0.0,10
2944,9.99999901978299e-05,0.0,10
2945,9.99999901978299e-05,0.0,10
2946,9.99999901978299e-05,0.0,10
2947,9.99999901978299e-05,0.0,10
2948,9.99999901978299e-05,0.0,10
2949,9.99999901978299e-05,0.0,10
2950,9.99999901978299e-05,0.0,10
2951,9.99999901978299e-05,0.0,10
2952,9.99999901978299e-05,0.0,10
2953,9.99999901978299e-05,0.0,10
2954,9.99999901978299e-05,0.0,10
2955,9.99999901978299e-05,0.0,10
2956,9.99999901978299e-05,0.0,10
2957,9.99999901978299e-05,0.0,10
2958,9.99999901978299e-05,0.0,10
2959,9.99999901978299e-05,0.0,10
2960,9.99999901978299e-05,0.0,10
2961,9.99999901978299e-05,0.0,10
2962,9.99999901978299e-05,0.0,10
2963,9.99999901978299e-05,0.0,10
2964,9.99999901978299e-05,0.0,10
2965,9.99999901978299e-05,0.0,10
2966,9.99999901978299e-05,0.0,10
2967,9.99999901978299e-05,0.0,10
2968,9.99999901978299e-05,0.0,10
2969,9.99999901978299e-05,0.0,10
2970,9.99999901978299e-05,0.0,10
2971,9.99999901978299e-05,0.0,10
2972,9.99999901978299e-05,0.0,10
2973,9.99999901978299e-05,0.0,10
2974,9.99999901978299e-05,0.0,10
2975,9.99999901978299e-05,0.0,10
2976,9.99999901978299e-05,0.0,10
2977,9.99999901978299e-05,0.0,10
2978,9.99999901978299e-05,0.0,10
2979,9.99999901978299e-05,0.0,10
2980,9.99999901978299e-05,0.0,10
2981,9.99999901978299e-05,0.0,10
2982,9.99999901978299e-05,0.0,10
2983,9.99999901978299e-05,0.0,10
2984,9.99999901978299e-05,0.0,10
2985,9.99999901978299e-05,0.0,10
2986,9.99999901978299e-05,0.0,10
2987,9.99999901978299e-05,0.0,10
2988,9.99999901978299e-05,0.0,10
2989,9.99999901978299e-05,0.0,10
2990,9.99999901978299e-05,0.0,10
2991,9.99999901978299e-05,0.0,10
2992,9.99999901978299e-05,0.0,10
2993,9.99999901978299e-05,0.0,10
2994,9.99999901978299e-05,0.0,10
2995,9.99999901978299e-05,0.0,10
2996,9.99999901978299e-05,0.0,10
2997,9.99999901978299e-05,0.0,10
2998,9.99999901978299e-05,0.0,10
2999,9.99999901978299e-05,0.0,10
3000,9.99999901978299e-05,0.0,10
