episode,grad_norm,grad_M,grad_F,n_obs
1,8.14624763734173e-06,3.139536602247972e-06,7.488951268896926e-06,10407
2,8.100181730696931e-06,3.1241809210769134e-06,7.446176368830493e-06,10580
3,8.13472070149146e-06,3.122602038274636e-06,7.483116405637702e-06,10617
4,8.146372238115873e-06,3.1141801173362182e-06,7.498209470213624e-06,10745
5,8.033572157728486e-06,3.079226416957681e-06,7.390826795017347e-06,10639
6,8.100922968878876e-06,3.084651552853757e-06,7.45990791983786e-06,10656
7,8.049962161749136e-06,3.076972916460363e-06,7.409102636302123e-06,10875
8,7.961117262311745e-06,3.043745437025791e-06,7.327374078158755e-06,10915
9,8.054757017816883e-06,3.0500943921651924e-06,7.423466286127223e-06,10884
10,7.932085281936452e-06,3.028375203939504e-06,7.302143330889521e-06,10925
11,8.061808330239728e-06,3.0433577649091603e-06,7.432936399709433e-06,11031
12,7.968899808474816e-06,3.017697281393339e-06,7.34444893168984e-06,11084
13,7.984242074599024e-06,3.013355353687075e-06,7.362062660831725e-06,11280
14,7.884742444730364e-06,2.9919081043772167e-06,7.264739906531759e-06,11290
15,7.938986527733505e-06,2.9882969556638272e-06,7.322933015529998e-06,11374
16,7.905806342023425e-06,2.978971224365523e-06,7.2915390774142e-06,11609
17,7.859664947318379e-06,2.963006863865303e-06,7.247797384479782e-06,11322
18,7.899188858573325e-06,2.9595987598440843e-06,7.291121619346086e-06,11642
19,7.824824933777563e-06,2.931456265287125e-06,7.221984560601413e-06,11502
20,7.759102118143346e-06,2.917684241765528e-06,7.1574950197828e-06,11749
21,7.751097655273043e-06,2.8972551717743045e-06,7.154900686145993e-06,11936
22,7.72733437770512e-06,2.882838316509151e-06,7.1346476033795625e-06,11770
23,7.761782399029471e-06,2.876207645385876e-06,7.172746336436831e-06,11926
24,7.715821084275376e-06,2.859805590560427e-06,7.130225185392192e-06,12207
25,7.74853651819285e-06,2.864962198145804e-06,7.163104783103336e-06,11801
26,7.64482501836028e-06,2.840046590790734e-06,7.063419161568163e-06,12166
27,7.639262548764236e-06,2.821733005475835e-06,7.0625960688630585e-06,12350
28,7.705069947405718e-06,2.813210585372872e-06,7.1336339715344366e-06,12355
29,7.693080988246948e-06,2.813000492096762e-06,7.121132057363866e-06,12407
30,7.595416263939114e-06,2.781708417387563e-06,7.029230346233817e-06,12353
31,7.654216460650787e-06,2.7814046461571702e-06,7.0900646278460044e-06,12675
32,7.575487416033866e-06,2.7640187454380798e-06,7.013792583165923e-06,12473
33,7.561423444713e-06,2.763813427009154e-06,6.998666322033387e-06,12767
34,7.533690222771838e-06,2.7402618343330687e-06,6.977194971113931e-06,12800
35,7.519925929955207e-06,2.723167426665896e-06,6.96811412126408e-06,12854
36,7.490757980121998e-06,2.707263320189668e-06,6.9426646405190695e-06,12927
37,7.482366072508739e-06,2.700953700696118e-06,6.935848432476632e-06,12988
38,7.479664418497123e-06,2.6842760689760325e-06,6.9374777922348585e-06,13041
39,7.4543922892189585e-06,2.670180720087956e-06,6.914826371939853e-06,13110
40,7.437006388499867e-06,2.6496395548747387e-06,6.902693712618202e-06,13320
41,7.40327868697932e-06,2.632526275192504e-06,6.872248832223704e-06,13304
42,7.415120762743754e-06,2.6364443783677416e-06,6.883849891892169e-06,13518
43,7.331990218517603e-06,2.6015127332357224e-06,6.80763560012565e-06,13581
44,7.313913101825165e-06,2.5826823275565403e-06,6.794100045226514e-06,13601
45,7.367496436927468e-06,2.583183686510893e-06,6.850127647339832e-06,13719
46,7.288911092473427e-06,2.5559259029250825e-06,6.776233476557536e-06,13924
47,7.265464319061721e-06,2.542070205890923e-06,6.756677976227365e-06,13788
48,7.250399903568905e-06,2.5293043108831625e-06,6.744035545125371e-06,14214
49,7.134773113648407e-06,2.5036995339178247e-06,6.632983968302142e-06,14104
50,7.173883204814047e-06,2.502325969544472e-06,6.674207725154702e-06,14275
51,7.1708359428157564e-06,2.494610498615657e-06,6.672880317637464e-06,14227
52,7.117164841474732e-06,2.469573928465252e-06,6.624342404393246e-06,14394
53,7.129223376978189e-06,2.46409172177664e-06,6.639601906499593e-06,14498
54,7.041300705168396e-06,2.445712880216888e-06,6.553942967002513e-06,14692
55,7.080723662511446e-06,2.4484293135174084e-06,6.594759724976029e-06,14526
56,7.071811523928773e-06,2.4270120775327086e-06,6.592432782781543e-06,14662
57,7.0125734055181965e-06,2.4187852432078216e-06,6.532479346788023e-06,14804
58,7.019575605227146e-06,2.406394060017192e-06,6.543767085531727e-06,15114
59,6.935886631254107e-06,2.385567086093942e-06,6.464776106440695e-06,15117
60,6.948499503778294e-06,2.3874788439570693e-06,6.478092018369352e-06,15122
61,6.940114417375298e-06,2.3780194169376045e-06,6.473792382166721e-06,15349
62,6.907369424880017e-06,2.359043037358788e-06,6.445272902055876e-06,15239
63,6.897747880429961e-06,2.3582836092828074e-06,6.4377904891443904e-06,15655
64,6.861334441055078e-06,2.337086698389612e-06,6.40526650386164e-06,15689
65,6.866489911772078e-06,2.326116828044178e-06,6.414798463083571e-06,15612
66,6.835432031948585e-06,2.318630777153885e-06,6.385844244505279e-06,15745
67,6.833042334619677e-06,2.3084255644789664e-06,6.386707354977261e-06,15958
68,6.763545115973102e-06,2.284336460434133e-06,6.321518412732985e-06,15969
69,6.74427110425313e-06,2.2711876681569265e-06,6.305745955614839e-06,15939
70,6.722685157001251e-06,2.2594001620745985e-06,6.287297310336726e-06,15877
71,6.7486430452845525e-06,2.260236669826554e-06,6.3141219470708165e-06,16360
72,6.73875138090807e-06,2.2411868485505693e-06,6.309336185950087e-06,16386
73,6.659153314103605e-06,2.227197455795249e-06,6.231958650460001e-06,16614
74,6.6511015575088095e-06,2.2135861854621908e-06,6.227672656677896e-06,16734
75,6.574200597242452e-06,2.1995474526192997e-06,6.152519745228346e-06,16629
76,6.615868642256828e-06,2.1960206595394997e-06,6.197808943397831e-06,16897
77,6.553318144142395e-06,2.1728021692979382e-06,6.139939614513423e-06,16842
78,6.586685231013689e-06,2.1642424599122023e-06,6.177275736263255e-06,17394
79,6.518272584798979e-06,2.1454779925988987e-06,6.112808478064835e-06,17522
80,6.501413736259565e-06,2.1359414859034587e-06,6.098974608903518e-06,17311
81,6.482860499090748e-06,2.1251105408737203e-06,6.083310381654883e-06,17506
82,6.4169744291575626e-06,2.104125996993389e-06,6.02131422056118e-06,17385
83,6.427974767575506e-06,2.0983777631045086e-06,6.035041224095039e-06,17695
84,6.400540769391228e-06,2.086538643197855e-06,6.010332981531974e-06,18014
85,6.391062470356701e-06,2.0717370716738515e-06,6.005166142131202e-06,18119
86,6.339714218484005e-06,2.054782044069725e-06,5.957158464298118e-06,18228
87,6.365432000166038e-06,2.045504515990615e-06,5.987366421322804e-06,18537
88,6.350980129354866e-06,2.037038257185486e-06,5.975041858619079e-06,18411
89,6.322326953522861e-06,2.019573457801016e-06,5.9509075072128326e-06,18673
90,6.2589328990725335e-06,2.005680016736733e-06,5.889820840820903e-06,18575
91,6.2735803112445865e-06,1.9921344573958777e-06,5.908877483307151e-06,18738
92,6.208199465618236e-06,1.982022240554216e-06,5.845016403327463e-06,18728
93,6.2166609495761804e-06,1.9715378130058525e-06,5.856855750607792e-06,18937
94,6.2662302298122086e-06,1.9647832232294604e-06,5.910490926908096e-06,19094
95,6.209409093571594e-06,1.9553242509573465e-06,5.855379640706815e-06,19181
96,6.173807378218044e-06,1.9385254290682497e-06,5.822980256198207e-06,19459
97,6.135888270364376e-06,1.9253193386248317e-06,5.788076123280916e-06,19629
98,6.135215699032415e-06,1.915550228659413e-06,5.7906108850147575e-06,19676
99,6.089457201596815e-06,1.903945985759492e-06,5.74725436308654e-06,19744
100,6.097239293012535e-06,1.8903817817772504e-06,5.758927272836445e-06,19816
101,6.061305612092838e-06,1.8761938918032683e-06,5.726323252019938e-06,20029
102,6.061036856408464e-06,1.8691943068915864e-06,5.728748874389567e-06,20080
103,6.0492420743685216e-06,1.8523277276472072e-06,5.721366051147925e-06,20347
104,6.022088200552389e-06,1.8417593992126056e-06,5.696410426025977e-06,20458
105,6.001183919579489e-06,1.826504217206093e-06,5.67967799725011e-06,20467
106,5.979463821859099e-06,1.8160307035941516e-06,5.660900114889955e-06,20999
107,5.970945039734943e-06,1.804809812711028e-06,5.655742370436201e-06,20767
108,5.9450358094181865e-06,1.790650799193827e-06,5.632863121718401e-06,20993
109,5.924226115894271e-06,1.77944605184166e-06,5.615112513623899e-06,21020
110,5.923584012634819e-06,1.7694040934657096e-06,5.617692295345478e-06,21082
111,5.870404493180104e-06,1.7561657159603785e-06,5.567048447119305e-06,21544
112,5.849081844644388e-06,1.740982497722143e-06,5.549162324314239e-06,21483
113,5.8731402532430366e-06,1.737350885377964e-06,5.576263447437668e-06,21564
114,5.813588359160349e-06,1.7271114529648912e-06,5.518136731552659e-06,21846
115,5.822768798680045e-06,1.71163515005901e-06,5.532274826691719e-06,21967
116,5.78076787860482e-06,1.6995222722471226e-06,5.492740001500351e-06,22100
117,5.7623292377684265e-06,1.6980717418846325e-06,5.4751722018409055e-06,21947
118,5.749016963818576e-06,1.682637162048195e-06,5.465879894472892e-06,22233
119,5.715097358915955e-06,1.6778825511210016e-06,5.432868874777341e-06,22440
120,5.687026714440435e-06,1.6724485476515838e-06,5.405501724453643e-06,22646
121,5.66677636015811e-06,1.6693356883479282e-06,5.38632457391941e-06,22833
122,5.664810487360228e-06,1.6629152241876e-06,5.386275006458163e-06,23087
123,5.623055130854482e-06,1.6557091839786151e-06,5.345546469470719e-06,23007
124,5.63614048587624e-06,1.6500048332090955e-06,5.361558123695431e-06,23326
125,5.606836566585116e-06,1.6379750604755827e-06,5.335019523045048e-06,23277
126,5.559980763791828e-06,1.6198479215745465e-06,5.291614797897637e-06,23541
127,5.540789970837068e-06,1.6064118426584173e-06,5.27519023307832e-06,23756
128,5.518869329534937e-06,1.597231516825559e-06,5.255248197499896e-06,23747
129,5.485041128849844e-06,1.5838645595067646e-06,5.223796051723184e-06,24139
130,5.482395863509737e-06,1.5752715398775765e-06,5.224454525887268e-06,23957
131,5.460793545353226e-06,1.5657136600566446e-06,5.204820354265394e-06,24238
132,5.431756562757073e-06,1.5542680102953454e-06,5.177863840799546e-06,24446
133,5.428082658909261e-06,1.5491341400775127e-06,5.176338163437322e-06,24665
134,5.41598546988098e-06,1.538285346214252e-06,5.166873506823322e-06,24959
135,5.398279881774215e-06,1.5264620287780415e-06,5.1521192290238105e-06,24862
136,5.350125320546795e-06,1.518700628366787e-06,5.1052129492745735e-06,24962
137,5.341762971511344e-06,1.5064993021951525e-06,5.099938334751641e-06,25383
138,5.3282251428754535e-06,1.4984291283326456e-06,5.0887147153844126e-06,25322
139,5.321688604453811e-06,1.486042378928687e-06,5.086038072477095e-06,25648
140,5.279363904264756e-06,1.472150870540645e-06,5.046627393312519e-06,25766
141,5.24987444805447e-06,1.4618375416830531e-06,5.019148829887854e-06,25792
142,5.268802851787768e-06,1.4588370049750663e-06,5.0400985855958425e-06,25808
143,5.23680319020059e-06,1.4469707139141974e-06,5.010501809010748e-06,26243
144,5.225447694101604e-06,1.4361231706061517e-06,5.002095349482261e-06,26138
145,5.208710717852227e-06,1.425309505975747e-06,4.987932697986253e-06,26410
146,5.207027243159246e-06,1.4130120007393998e-06,4.990000434190733e-06,26771
147,5.138445885677356e-06,1.4008610378368758e-06,4.92238132210332e-06,26680
148,5.13384611622314e-06,1.3930724662714056e-06,4.9207278607354965e-06,26676
149,5.113109182275366e-06,1.3863312915418646e-06,4.900931344309356e-06,26788
150,5.09743404109031e-06,1.3742948112849265e-06,4.888192052021623e-06,27261
151,5.075166882306803e-06,1.3644166756421328e-06,4.868259566137567e-06,27410
152,5.061834599473514e-06,1.3570319197242495e-06,4.8564666030870285e-06,27513
153,5.0525709411886055e-06,1.3482967915479094e-06,4.8496017370780464e-06,27545
154,5.006756055081496e-06,1.332408032794774e-06,4.806095603271388e-06,27420
155,4.995260951545788e-06,1.3267840586195234e-06,4.796395842276979e-06,27745
156,4.960243131790776e-06,1.3139009524820722e-06,4.7636312956456095e-06,27857
157,4.948645255353768e-06,1.3025351108808536e-06,4.754684141516918e-06,28113
158,4.925963821733603e-06,1.29743420984596e-06,4.732800334750209e-06,28290
159,4.90952606924111e-06,1.2905422863696003e-06,4.717987394542433e-06,28466
160,4.889587671641493e-06,1.2794673693861114e-06,4.700191766460193e-06,28399
161,4.877957053395221e-06,1.272121153306216e-06,4.690275545726763e-06,28886
162,4.845642251893878e-06,1.2628856893570628e-06,4.6594291234214325e-06,28852
163,4.809929578186711e-06,1.2551303143482071e-06,4.624535449693212e-06,28947
164,4.824837105843471e-06,1.2500357797762265e-06,4.641377472580643e-06,29264
165,4.789269951288588e-06,1.2410758927217105e-06,4.607511527865427e-06,29064
166,4.777677531819791e-06,1.2372737501209483e-06,4.596814505930524e-06,29012
167,4.759303465107223e-06,1.2292412066017278e-06,4.57978103440837e-06,29506
168,4.739466021419503e-06,1.219455043610651e-06,4.56191355624469e-06,29677
169,4.7412254389200825e-06,1.2184607385279378e-06,4.564467872114619e-06,29894
170,4.703805643657688e-06,1.2066977888025576e-06,4.528692898020381e-06,29896
171,4.682757207774557e-06,1.2010457339783898e-06,4.508847723627696e-06,29857
172,4.66099254481378e-06,1.1899757055289228e-06,4.489520051720319e-06,30352
173,4.640007318812423e-06,1.1826236914203037e-06,4.470024123293115e-06,30050
174,4.627647740562679e-06,1.175849320134148e-06,4.459019692149013e-06,30313
175,4.603350589604816e-06,1.166727770396392e-06,4.43608723799116e-06,30580
176,4.583830104820663e-06,1.1618686812653325e-06,4.417612217366695e-06,30800
177,4.552742666419363e-06,1.150048660747416e-06,4.388695742818527e-06,30900
178,4.531616013991879e-06,1.1476161034806864e-06,4.367483143141726e-06,30897
179,4.5224633140605874e-06,1.1442594995969555e-06,4.359167633083416e-06,31136
180,4.521106347965542e-06,1.135832462750841e-06,4.360189905128209e-06,31386
181,4.484676537686028e-06,1.1287412462479551e-06,4.324518613429973e-06,31528
182,4.455552243598504e-06,1.1168098126290715e-06,4.297727173252497e-06,31621
183,4.4397293095244095e-06,1.1126036270070472e-06,4.282706413505366e-06,31410
184,4.424125108926091e-06,1.106353806790139e-06,4.268162683729315e-06,31842
185,4.4029320633853786e-06,1.094348249353061e-06,4.2493402361287735e-06,31731
186,4.382904080557637e-06,1.0893290891544891e-06,4.230043487041257e-06,32136
187,4.3538830141187645e-06,1.0790165561047615e-06,4.203052867524093e-06,32190
188,4.347761205281131e-06,1.0797723462019349e-06,4.196724603389157e-06,32142
189,4.322441327531124e-06,1.0736752074080869e-06,4.172199169261148e-06,32420
190,4.313682438805699e-06,1.069581117008056e-06,4.164037363807438e-06,32573
191,4.296787665225565e-06,1.0634245199980796e-06,4.148239440837642e-06,32370
192,4.278213054931257e-06,1.055262032423343e-06,4.131270088691963e-06,32806
193,4.263177288521547e-06,1.050194896379253e-06,4.1168764255417045e-06,32938
194,4.244685896992451e-06,1.0476109082446785e-06,4.0986001295095775e-06,33207
195,4.213416559650796e-06,1.0344364227421463e-06,4.070032446179539e-06,33136
196,4.20529295297456e-06,1.032863110594917e-06,4.06232265959261e-06,33194
197,4.1987609620264266e-06,1.03172578747035e-06,4.055281806358835e-06,33037
198,4.173951765551465e-06,1.0230030511593211e-06,4.03197918785736e-06,33491
199,4.141568751947489e-06,1.0115890063389088e-06,4.001816250820411e-06,33403
200,4.129966328036971e-06,1.0116615385413752e-06,3.989143806393258e-06,33594
201,4.110136615054216e-06,1.0020318086390034e-06,3.971430032834178e-06,33654
202,4.101102149434155e-06,1.002034878183622e-06,3.962060418416513e-06,33750
203,4.077280209457968e-06,9.947808621291188e-07,3.939112048101379e-06,33698
204,4.067987902089953e-06,9.87489556791843e-07,3.931754235964036e-06,33951
205,4.050237748742802e-06,9.822454103414202e-07,3.9144874790508766e-06,34024
206,4.011561031802557e-06,9.753326821737571e-07,3.87646650779061e-06,34216
207,4.0164472920878325e-06,9.73765054368414e-07,3.881905740854563e-06,34307
208,3.989466222265037e-06,9.652683274907758e-07,3.8559460335818585e-06,34493
209,3.977853339165449e-06,9.617215255275369e-07,3.844687398668611e-06,34604
210,3.966556960222079e-06,9.578807294019498e-07,3.8340690480254125e-06,34596
211,3.924382781406166e-06,9.46159275372338e-07,3.793567429966061e-06,34679
212,3.923198164557107e-06,9.425224334336236e-07,3.792984898609575e-06,34639
213,3.888309947797097e-06,9.34114495976246e-07,3.759093715416384e-06,34799
214,3.876568371197209e-06,9.307769346378336e-07,3.74805449609994e-06,35146
215,3.863160145556321e-06,9.238038387593406e-07,3.735951622729772e-06,35149
216,3.8549765122297686e-06,9.248782362192288e-07,3.726688191818539e-06,34963
217,3.82251528208144e-06,9.127563203037424e-07,3.696819931064965e-06,35285
218,3.808857854892267e-06,9.084716339202714e-07,3.683624981931644e-06,35231
219,3.804009338637115e-06,9.094028428080492e-07,3.678258281070157e-06,35407
220,3.778230393436388e-06,9.022887752507812e-07,3.653250132629182e-06,35651
221,3.755859779630555e-06,8.97469590199762e-07,3.631359732025885e-06,35735
222,3.738452051038621e-06,8.924361623030563e-07,3.6145472677162616e-06,35640
223,3.738102122952114e-06,8.937966526900709e-07,3.6135154459771e-06,35844
224,3.70303951058304e-06,8.85187944277277e-07,3.579394842745387e-06,35830
225,3.6909339087287663e-06,8.778054620961484e-07,3.568397914932575e-06,35931
226,3.6608400932891527e-06,8.7176323404492e-07,3.539799081409001e-06,35947
227,3.6588173770724097e-06,8.743641046748962e-07,3.536149506544461e-06,35889
228,3.623067868829821e-06,8.624553515801381e-07,3.502549361655838e-06,36136
229,3.61194565812184e-06,8.597428404755192e-07,3.492116775305476e-06,36092
230,3.602465085350559e-06,8.606812684774923e-07,3.481560952423024e-06,36397
231,3.581173814382055e-06,8.529238471055578e-07,3.4616475659277057e-06,36227
232,3.556702267815126e-06,8.427003876931849e-07,3.438895646468154e-06,36322
233,3.561073299351847e-06,8.479630082547374e-07,3.4416439120832365e-06,36442
234,3.53706968780898e-06,8.416560035584553e-07,3.418502728891326e-06,36838
235,3.5235382256360026e-06,8.445344974461477e-07,3.4033214433293324e-06,36651
236,3.493049462122144e-06,8.27292524263612e-07,3.3761639315343928e-06,36893
237,3.480533223410021e-06,8.286837100968114e-07,3.3625915420998358e-06,36768
238,3.471262061793823e-06,8.297861313621979e-07,3.352144403834245e-06,36811
239,3.4539284570200834e-06,8.248687208833871e-07,3.335253722980269e-06,36924
240,3.448560846663895e-06,8.26226255412621e-07,3.3290657484030817e-06,36951
241,3.406598125366145e-06,8.11230052022438e-07,3.2898269637371413e-06,36885
242,3.4227227843075525e-06,8.235925292865431e-07,3.3021033232216723e-06,37204
243,3.396292868274031e-06,8.130905371217523e-07,3.27801217281376e-06,37126
244,3.376848781044828e-06,8.070305739238393e-07,3.258942115280661e-06,37204
245,3.348067366459873e-06,7.983057912497316e-07,3.232151129850536e-06,37101
246,3.3294647892034845e-06,7.93534070453461e-07,3.214029675291385e-06,37244
247,3.3172864277730696e-06,7.949313953758974e-07,3.2005257253331365e-06,37481
248,3.3096218885475537e-06,7.933835490803176e-07,3.192853682776331e-06,37419
249,3.282043280705693e-06,7.818336484888277e-07,3.167697059325292e-06,37421
250,3.270851266279351e-06,7.795147212164011e-07,3.156435013806913e-06,37552
251,3.2529296731809154e-06,7.725173531980545e-07,3.1398267310578376e-06,37558
252,3.241344074922381e-06,7.743639685031667e-07,3.127302761640749e-06,37698
253,3.225959517294541e-06,7.647562370038941e-07,3.1139038583205547e-06,37646
254,3.203866526746424e-06,7.596427167300135e-07,3.0928363230486866e-06,37771
255,3.186310550518101e-06,7.514743174397154e-07,3.0766382224101108e-06,37770
256,3.1696934001956838e-06,7.470846981050272e-07,3.0606872769567417e-06,37736
257,3.156566208417644e-06,7.464080340469081e-07,3.047709242309793e-06,37722
258,3.133405925836996e-06,7.362145879596937e-07,3.026412969120429e-06,37930
259,3.1215899980452377e-06,7.309996590265655e-07,3.015795755345607e-06,37971
260,3.109422550551244e-06,7.294967758753046e-07,3.0035000690986635e-06,37903
261,3.0883579711371567e-06,7.206561463135586e-07,2.9840905426681275e-06,38116
262,3.069462763960473e-06,7.168504225774086e-07,2.9658044695679564e-06,37985
263,3.065350938413758e-06,7.151106728997547e-07,2.9618909138662275e-06,37962
264,3.054453827644465e-06,7.168570164139965e-07,2.9497371087927604e-06,38224
265,3.051503881579265e-06,7.160568316066929e-07,2.947314669654588e-06,38208
266,3.022367991434294e-06,7.062434974614007e-07,2.919405915235984e-06,38237
267,3.0132721349218627e-06,7.052634032334026e-07,2.910750708906562e-06,38180
268,2.993714815602289e-06,6.979948352636711e-07,2.892544671340147e-06,38206
269,2.995225258928258e-06,6.994787327130325e-07,2.893511691581807e-06,38322
270,2.9661996450158767e-06,6.884470735712966e-07,2.866834392989404e-06,38322
271,2.957184960905579e-06,6.893655495332496e-07,2.8569957066792995e-06,38377
272,2.9441368951665936e-06,6.8870338054694e-07,2.84388397631119e-06,38494
273,2.926168690464692e-06,6.810763579778722e-07,2.827290700224694e-06,38438
274,2.916963012467022e-06,6.821026659054041e-07,2.8172496513434453e-06,38552
275,2.9052573609078536e-06,6.804909844504436e-07,2.805400526995072e-06,38511
276,2.8993219984840835e-06,6.802101779612713e-07,2.799516551021952e-06,38569
277,2.8744723294948926e-06,6.719681096001295e-07,2.7763146590586985e-06,38639
278,2.869536501748371e-06,6.750922807441384e-07,2.7699832116923062e-06,38650
279,2.8591314276127378e-06,6.723092269567132e-07,2.759645440164604e-06,38682
280,2.833049165928969e-06,6.632180316046288e-07,2.7353430596122053e-06,38762
281,2.823084287228994e-06,6.624313755310141e-07,2.7252731342741754e-06,38693
282,2.8191391265863786e-06,6.646588985859125e-07,2.7202108867641077e-06,38737
283,2.8085621579521103e-06,6.623956210205506e-07,2.709733507799683e-06,38824
284,2.794711235765135e-06,6.586283802789694e-07,2.696597221074626e-06,38808
285,2.779136138997273e-06,6.547251132360543e-07,2.681288151507033e-06,38891
286,2.761238192761084e-06,6.471100277849473e-07,2.664906105565024e-06,38921
287,2.7580897494772216e-06,6.478131240328366e-07,2.6614038688421715e-06,38919
288,2.746741984083201e-06,6.483026595560659e-07,2.6489306037547067e-06,38910
289,2.7359958494344028e-06,6.453660148508789e-07,2.638838623170159e-06,38906
290,2.72778925136663e-06,6.449992611123889e-07,2.6306861400371417e-06,39018
291,2.716330527618993e-06,6.434975716729241e-07,2.618978896862245e-06,38924
292,2.7036871870222967e-06,6.39893244169798e-07,2.607166152301943e-06,38935
293,2.6878142307396047e-06,6.367542937368853e-07,2.591517841210589e-06,39145
294,2.6799500574270496e-06,6.348566330416361e-07,2.5834472126007317e-06,39029
295,2.672494929356617e-06,6.353288881655317e-07,2.5754379748832434e-06,39060
296,2.656848892002017e-06,6.322421768345521e-07,2.5602180357964244e-06,39061
297,2.662868610059377e-06,6.357523147926258e-07,2.565381009844714e-06,39184
298,2.642639401528868e-06,6.324718242467497e-07,2.5449642180319643e-06,39083
299,2.635320015542675e-06,6.292738703450595e-07,2.5384258606209187e-06,39080
300,2.6270454327459447e-06,6.287150995376578e-07,2.529901621528552e-06,39153
301,2.612188382045133e-06,6.256050255615264e-07,2.515834012228879e-06,39161
302,2.609408511489164e-06,6.256699407458655e-07,2.5126782929874025e-06,39236
303,2.5956417175621027e-06,6.221014814400405e-07,2.499255742804962e-06,39238
304,2.584478124845191e-06,6.220083150765277e-07,2.4878258955141064e-06,39298
305,2.568172703831806e-06,6.15262138126127e-07,2.4727651180000976e-06,39308
306,2.563983798609115e-06,6.145328939055617e-07,2.468730599503033e-06,39257
307,2.5576312054909067e-06,6.14121120179334e-07,2.462120846757898e-06,39257
308,2.5479689611529466e-06,6.147454882921011e-07,2.451835825922899e-06,39344
309,2.5257677407353185e-06,6.034974262547621e-07,2.431764187349472e-06,39352
310,2.5275539883296005e-06,6.068597713237978e-07,2.4328842300747056e-06,39304
311,2.514678726583952e-06,6.036672175468993e-07,2.420359805910266e-06,39374
312,2.508747002138989e-06,6.061554245206935e-07,2.413155471003847e-06,39352
313,2.497589548511314e-06,6.021219860485871e-07,2.4030580334510887e-06,39378
314,2.480544708305388e-06,5.931943860559841e-07,2.3879974833107558e-06,39403
315,2.474727125445497e-06,5.935556259828445e-07,2.3815625809220364e-06,39399
316,2.463700184307527e-06,5.911246603318432e-07,2.3709851575404173e-06,39442
317,2.4582141122664325e-06,5.942625875832164e-07,2.3643435724807205e-06,39449
318,2.4458527150272857e-06,5.880255571355519e-07,2.3535149011877365e-06,39394
319,2.438705678287078e-06,5.899267421227705e-07,2.3456943836208666e-06,39451
320,2.426447508696583e-06,5.83895996442152e-07,2.3348175091086887e-06,39473
321,2.41841757997463e-06,5.814899850520305e-07,2.327549736946821e-06,39477
322,2.418982376184431e-06,5.856885536559275e-07,2.326300091226585e-06,39514
323,2.4113433028105646e-06,5.834740477439482e-07,2.318876113349688e-06,39535
324,2.399870709268725e-06,5.823418973704975e-07,2.307627255504485e-06,39512
325,2.388482471360476e-06,5.771044016000815e-07,2.297385208294145e-06,39590
326,2.385409288763185e-06,5.787753707409138e-07,2.293469151481986e-06,39563
327,2.3694801711826585e-06,5.76337640723068e-07,2.2778092443331843e-06,39541
328,2.3702045837126207e-06,5.769661015619931e-07,2.2782514861319214e-06,39592
329,2.360536427659099e-06,5.755746883551183e-07,2.2688268472847994e-06,39616
330,2.352413275730214e-06,5.741824793403794e-07,2.260485416627489e-06,39637
331,2.341416347917402e-06,5.712826691706141e-07,2.2501797047880245e-06,39615
332,2.330115648874198e-06,5.682624077962828e-07,2.239275772808469e-06,39648
333,2.338733793294523e-06,5.774338092123799e-07,2.2454596546594985e-06,39587
334,2.3253446670423727e-06,5.718495117434941e-07,2.233233317383565e-06,39623
335,2.312434389750706e-06,5.687975885848573e-07,2.220627948190668e-06,39662
336,2.298985918969265e-06,5.629379984384286e-07,2.2086853732616878e-06,39661
337,2.301187578268582e-06,5.688646069756942e-07,2.20940728468122e-06,39694
338,2.2936155801289715e-06,5.674078238371294e-07,2.202186124122818e-06,39663
339,2.283303956573945e-06,5.669015195053362e-07,2.1911755538894795e-06,39676
340,2.275849055877188e-06,5.624669370263291e-07,2.1850273697054945e-06,39655
341,2.261487225041492e-06,5.562434353123535e-07,2.171949972762377e-06,39683
342,2.2604554033023305e-06,5.589873239841836e-07,2.1698376713175094e-06,39682
343,2.2476995127362898e-06,5.564614866671036e-07,2.157068593078293e-06,39725
344,2.245317773486022e-06,5.574084411819058e-07,2.154549292754382e-06,39732
345,2.2393146537069697e-06,5.56331883672101e-07,2.148599605789059e-06,39726
346,2.2366525627148803e-06,5.581948698818451e-07,2.1454718535096617e-06,39748
347,2.2321387405099813e-06,5.581428581535874e-07,2.140638343917089e-06,39716
348,2.2233009531191783e-06,5.550703008339042e-07,2.1324606223060982e-06,39740
349,2.2191222797118826e-06,5.546832539948809e-07,2.1283897240209626e-06,39760
350,2.2142355646792566e-06,5.549640036406345e-07,2.1230498532531783e-06,39798
351,2.202282075813855e-06,5.531205715669785e-07,2.1114235551067395e-06,39738
352,2.196819650635007e-06,5.52391782093764e-07,2.105793328155414e-06,39758
353,2.180210231017554e-06,5.474183240039565e-07,2.090069074256462e-06,39759
354,2.1840171484655e-06,5.506025217982824e-07,2.093100192723796e-06,39760
355,2.17038700611738e-06,5.455943892229698e-07,2.080504145851592e-06,39806
356,2.164774741686415e-06,5.460267402668251e-07,2.074436224575038e-06,39783
357,2.1575717710220488e-06,5.459733642965148e-07,2.06726826945669e-06,39777
358,2.152928118448472e-06,5.444967428047676e-07,2.06274353331537e-06,39821
359,2.1513653791771503e-06,5.464881951411371e-07,2.06056597562565e-06,39784
360,2.142939365512575e-06,5.432701186691702e-07,2.052837999144685e-06,39811
361,2.1323562577890698e-06,5.382840413403756e-07,2.043306949417456e-06,39849
362,2.126812205460737e-06,5.371231281969813e-07,2.0379329725983557e-06,39808
363,2.1136806935828645e-06,5.340951361176849e-07,2.025299409069703e-06,39810
364,2.1171315438550664e-06,5.372314149099111e-07,2.0280099306546617e-06,39847
365,2.106631882270449e-06,5.354269774215936e-07,2.017580072788405e-06,39848
366,2.1001771983719664e-06,5.344335818335821e-07,2.011272272284259e-06,39849
367,2.0915010736644035e-06,5.336419803825265e-07,2.0025563571834937e-06,39832
368,2.087799657601863e-06,5.329746954885195e-07,1.998972265937482e-06,39856
369,2.0885256617475534e-06,5.369201971916482e-07,1.9986503048130544e-06,39872
370,2.0710108401544858e-06,5.295540290717327e-07,1.9826952666335278e-06,39906
371,2.0734441932290792e-06,5.320888476489927e-07,1.984606342375628e-06,39871
372,2.059064399873023e-06,5.261588285065955e-07,1.9715757844096515e-06,39878
373,2.048378973995568e-06,5.25431687492528e-07,1.9606527530413587e-06,39885
374,2.050693183264229e-06,5.258892201709386e-07,1.963148406503024e-06,39873
375,2.0438110368559137e-06,5.269450866762782e-07,1.9556757706595818e-06,39873
376,2.0361951555969422e-06,5.237046138972801e-07,1.9488506950438023e-06,39873
377,2.043396989392932e-06,5.301963028614409e-07,1.9544295355444774e-06,39888
378,2.0309123556216946e-06,5.253309041108878e-07,1.9429821804806124e-06,39881
379,2.024099103437038e-06,5.234682589616568e-07,1.93671212400659e-06,39872
380,2.022808303081547e-06,5.252000505606702e-07,1.935077307280153e-06,39903
381,2.017652832364547e-06,5.232774356045411e-07,1.930372718561557e-06,39891
382,2.012521918004495e-06,5.25149914665235e-07,1.924427579069743e-06,39914
383,2.003203690037481e-06,5.201542307986529e-07,1.916544078994775e-06,39918
384,2.0002951259812107e-06,5.204257149671321e-07,1.91334288501821e-06,39884
385,1.9960152712883428e-06,5.192571848056104e-07,1.908988224386121e-06,39914
386,1.981056129807257e-06,5.136460572430224e-07,1.895359332593216e-06,39892
387,1.9880130821547937e-06,5.189315857023757e-07,1.901224095490761e-06,39916
388,1.978158707061084e-06,5.169457608644734e-07,1.8916925910161808e-06,39913
389,1.972314748854842e-06,5.144235615262005e-07,1.886321228994348e-06,39934
390,1.973443886527093e-06,5.174433681531809e-07,1.8871653537644304e-06,39922
391,1.966581294254865e-06,5.171764314582106e-07,1.879722844932985e-06,39894
392,1.9558799522201298e-06,5.108175287205086e-07,1.8706487026065588e-06,39921
393,1.950884552570642e-06,5.125581310494454e-07,1.8650091533345403e-06,39912
394,1.9518240605975734e-06,5.134983211974031e-07,1.865975946202525e-06,39946
395,1.944049017765792e-06,5.11081964305049e-07,1.85836574928544e-06,39896
396,1.940601123351371e-06,5.138257392900414e-07,1.854186734817631e-06,39941
397,1.9379929199203616e-06,5.118926651448419e-07,1.8519668856242788e-06,39925
398,1.9411322682572063e-06,5.156090878699615e-07,1.8542294810686144e-06,39915
399,1.9252988749940414e-06,5.104119509269367e-07,1.839447236307024e-06,39933
400,1.9211565813748166e-06,5.089209480502177e-07,1.8354658095631748e-06,39915
401,1.921359398693312e-06,5.11497319166665e-07,1.835166017372103e-06,39957
402,1.914811036840547e-06,5.110359779791906e-07,1.8283420786247009e-06,39915
403,1.908364765768056e-06,5.080422624814673e-07,1.822606236601132e-06,39943
404,1.8993233652508932e-06,5.07263621329912e-07,1.8134610400011295e-06,39932
405,1.8924653204521744e-06,5.064732135906524e-07,1.8066288021145736e-06,39953
406,1.89560364560748e-06,5.088442094347556e-07,1.8094103779731088e-06,39939
407,1.8898996358984728e-06,5.056094778410625e-07,1.8044308944809016e-06,39939
408,1.8764613969324275e-06,5.031488967688347e-07,1.7912034309119915e-06,39960
409,1.8845751128537811e-06,5.068872610536346e-07,1.798862058421946e-06,39936
410,1.87236014426162e-06,5.05055083976913e-07,1.7865742165668053e-06,39964
411,1.8658737417354128e-06,5.03143041896692e-07,1.7805029983719578e-06,39939
412,1.863420720837894e-06,5.031403702560056e-07,1.778075557012926e-06,39945
413,1.8627048348207609e-06,5.01877877923107e-07,1.7778563687897986e-06,39957
414,1.853174012467207e-06,4.992381263946299e-07,1.768920355971204e-06,39960
415,1.857926463344484e-06,5.031944283473422e-07,1.772514565345773e-06,39957
416,1.8497538576411896e-06,4.999064913135953e-07,1.7650743302510818e-06,39957
417,1.851440515565628e-06,5.02053467243968e-07,1.7662503069004742e-06,39961
418,1.841214157138893e-06,4.991984496882651e-07,1.756585675138922e-06,39948
419,1.8318943375561505e-06,4.953545271746407e-07,1.7480584801887744e-06,39965
420,1.8290218122274384e-06,4.958838530910725e-07,1.7450352061132437e-06,39969
421,1.8268062831339196e-06,4.961357831234636e-07,1.7428251339879353e-06,39967
422,1.825193749027676e-06,4.966839810549573e-07,1.7407500081390026e-06,39966
423,1.814715915315901e-06,4.926415613226709e-07,1.731354245748662e-06,39960
424,1.8163324284614648e-06,4.951551773046958e-07,1.7323801557722618e-06,39965
425,1.808911633816024e-06,4.928340331389336e-07,1.725156607790268e-06,39960
426,1.7982525832849203e-06,4.904674710815016e-07,1.715036887617316e-06,39967
427,1.8110640667146072e-06,4.958820909450878e-07,1.726914661048795e-06,39960
428,1.8025184544967487e-06,4.946196554556082e-07,1.7184619309773552e-06,39958
429,1.798465973479324e-06,4.937111270919559e-07,1.7145798665296752e-06,39972
430,1.7942808199222782e-06,4.936414370604325e-07,1.709893012957764e-06,39970
431,1.78990717358829e-06,4.903131980427133e-07,1.7068580291379476e-06,39967
432,1.7864147139334818e-06,4.912617441732436e-07,1.7027297189997626e-06,39969
433,1.7813912336350768e-06,4.913042630505515e-07,1.697515699561336e-06,39988
434,1.7762138213583969e-06,4.87662134673883e-07,1.6931862774072215e-06,39971
435,1.7766452629075502e-06,4.89341402953869e-07,1.6932302742134198e-06,39973
436,1.7761183244147103e-06,4.91337573294004e-07,1.6924381043281755e-06,39983
437,1.7696830809654784e-06,4.875989816355286e-07,1.6867409158294322e-06,39966
438,1.7679203665466048e-06,4.876513344242994e-07,1.6850087831699057e-06,39974
439,1.759715928528749e-06,4.86425960843917e-07,1.676874944678275e-06,39990
440,1.7605801758691086e-06,4.867139864472847e-07,1.6776310758359614e-06,39980
441,1.7541844954394037e-06,4.856850637224852e-07,1.6714085404601065e-06,39975
442,1.7450007590014138e-06,4.828813189305947e-07,1.6628786170258536e-06,39974
443,1.7476872926636131e-06,4.841728582505311e-07,1.6651501937303692e-06,39980
444,1.742575705065974e-06,4.839100142817188e-07,1.6599893797319965e-06,39967
445,1.7482294651927075e-06,4.871041596743453e-07,1.665104946368956e-06,39985
446,1.7408675603292068e-06,4.858836746279849e-07,1.657873781368835e-06,39979
447,1.7398061800122375e-06,4.859700197812344e-07,1.6569056242587976e-06,39988
448,1.7304788570982057e-06,4.82978407490009e-07,1.648235979700985e-06,39985
449,1.732337182147603e-06,4.843883516514325e-07,1.6497274373250548e-06,39991
450,1.724874437059043e-06,4.818256797989307e-07,1.6426563433924457e-06,39976
451,1.724769504107826e-06,4.811632834389457e-07,1.64297148330661e-06,39994
452,1.7136493397629238e-06,4.800922397407703e-07,1.631647933209024e-06,39975
453,1.7122906683653127e-06,4.791390892933123e-07,1.6306202041960205e-06,39982
454,1.721027047096868e-06,4.836611537939461e-07,1.6384941545766196e-06,39984
455,1.7045526874426289e-06,4.771347903442802e-07,1.6232239659075276e-06,39993
456,1.711710638119257e-06,4.7854541662673e-07,1.6303609982060152e-06,39987
457,1.705619638414646e-06,4.795667223334021e-07,1.6236621149801067e-06,39998
458,1.7002723780024098e-06,4.775263278133934e-07,1.6188146219064947e-06,39990
459,1.7087472770072054e-06,4.801418072020169e-07,1.6268687659248826e-06,39988
460,1.7025623719746363e-06,4.766561971791816e-07,1.6213436992984498e-06,39986
461,1.6943993159657111e-06,4.752564279897342e-07,1.6134260931721656e-06,39985
462,1.6862131815287285e-06,4.726562394807843e-07,1.6055607829912333e-06,39974
463,1.6867999192982095e-06,4.739082157811936e-07,1.6059944982771412e-06,39990
464,1.679009073995985e-06,4.719733510683e-07,1.5984303445293335e-06,39988
465,1.6743795185902854e-06,4.685431349571445e-07,1.5947626934575965e-06,39994
466,1.6793375152701628e-06,4.7301759309448244e-07,1.5985773416105076e-06,39988
467,1.6725253999538836e-06,4.69691713078646e-07,1.5925485286061305e-06,39995
468,1.6711597936591716e-06,4.712371151072148e-07,1.5908686918919557e-06,39994
469,1.6569688341405708e-06,4.650707978726132e-07,1.577728198753903e-06,39991
470,1.6687318975527887e-06,4.697037070400256e-07,1.5887459312580177e-06,39998
471,1.6645510640955765e-06,4.680927929712198e-07,1.5849091141717508e-06,39989
472,1.658577389207494e-06,4.6825206823086774e-07,1.578625301590364e-06,39994
473,1.6526107629033504e-06,4.656006353798148e-07,1.5731677649455378e-06,39992
474,1.6536737348360475e-06,4.674545550642506e-07,1.5737520016045892e-06,39984
475,1.655418941481912e-06,4.6709638468200875e-07,1.5756654647702817e-06,39990
476,1.6491140968355469e-06,4.655331338199176e-07,1.5695455886088894e-06,39997
477,1.651277557357389e-06,4.674255364989222e-07,1.5713196717115352e-06,39995
478,1.6410477883255226e-06,4.64028289570706e-07,1.5617149529134622e-06,39988
479,1.6295629166052097e-06,4.577943855110789e-07,1.5516611711063888e-06,39993
480,1.6402065057263826e-06,4.623068718956347e-07,1.5615371466992656e-06,39994
481,1.6382623471145052e-06,4.635552386389463e-07,1.5591862165820205e-06,39992
482,1.633053102523263e-06,4.600727834258578e-07,1.5547357179457322e-06,39994
483,1.6259018593700605e-06,4.608289430052537e-07,1.5470874359380105e-06,39994
484,1.625953473194386e-06,4.594847382577427e-07,1.547379611110955e-06,39995
485,1.618782221157744e-06,4.590504545376462e-07,1.5399982657982036e-06,39997
486,1.6246369796135696e-06,4.60388577039339e-07,1.5458676898560952e-06,39992
487,1.614144707673404e-06,4.557724651022e-07,1.536134050184046e-06,39995
488,1.6189693496926338e-06,4.5829943928765726e-07,1.540677658340428e-06,39995
489,1.6102792415040312e-06,4.56914477808823e-07,1.5319656085921451e-06,39994
490,1.614039319974836e-06,4.592997413510602e-07,1.5351794218076975e-06,39997
491,1.600438622517686e-06,4.523146230894781e-07,1.5230554026857137e-06,39996
492,1.607842932571657e-06,4.552971972771047e-07,1.5299746110031265e-06,39994
493,1.6026355069698184e-06,4.559441322271596e-07,1.5242300150930532e-06,39990
494,1.5988007362466303e-06,4.553576786747726e-07,1.520616706329747e-06,39996
495,1.6013938193282229e-06,4.5387332647806033e-07,1.5235834780469304e-06,39998
496,1.5987762935765204e-06,4.560727688840416e-07,1.520212322247971e-06,39999
497,1.591380282661703e-06,4.5374676460596685e-07,1.5133176702875062e-06,39999
498,1.5850710042286664e-06,4.500853947320138e-07,1.507923457211291e-06,39996
499,1.5891414477664512e-06,4.5197131726126827e-07,1.511426944489358e-06,40000
500,1.5839098068681778e-06,4.524477787981596e-07,1.5058698181746877e-06,39998
501,1.580723505867354e-06,4.5021198502581683e-07,1.5029750102257822e-06,39996
502,1.575153646626859e-06,4.486387581437157e-07,1.4978039644120145e-06,40000
503,1.5719707562311669e-06,4.473195360787941e-07,1.4951460798329208e-06,39993
504,1.5662769783375552e-06,4.470013550417208e-07,1.489131818743772e-06,39993
505,1.570202016409894e-06,4.486005877879506e-07,1.492849719397782e-06,39996
506,1.5651791045456775e-06,4.466245115963829e-07,1.488311454522773e-06,39996
507,1.5551288470305735e-06,4.422604149567633e-07,1.4790645082030096e-06,39997
508,1.5485337598875049e-06,4.4016988454131933e-07,1.472936560276139e-06,39999
509,1.5475336567760678e-06,4.4211626004653226e-07,1.4712085203427705e-06,39999
510,1.551748027850408e-06,4.4302083779257373e-07,1.4755524944121134e-06,40000
511,1.5521383147643064e-06,4.440651650838845e-07,1.4753677533008158e-06,39998
512,1.5459479527635267e-06,4.4072322680222e-07,1.4699774055770831e-06,39998
513,1.537807975182659e-06,4.384683052194305e-07,1.462213731429074e-06,39995
514,1.5414321978823864e-06,4.408657332533039e-07,1.465206764805771e-06,39996
515,1.5336328260673326e-06,4.376065305677912e-07,1.458343490412517e-06,39999
516,1.5325787217079778e-06,4.376201729883178e-07,1.4572941609003465e-06,39998
517,1.5344662642746698e-06,4.373683566427644e-07,1.4593103969673391e-06,39995
518,1.523775949863193e-06,4.35411976695832e-07,1.4489207842416365e-06,40000
519,1.5224856042550527e-06,4.36779487245076e-07,1.447128965992306e-06,40000
520,1.5210376886898302e-06,4.333016079272056e-07,1.446743453925592e-06,39997
521,1.512433982497896e-06,4.316277397720114e-07,1.438382582819031e-06,40000
522,1.5113126892174478e-06,4.297262137242797e-07,1.4377965271705762e-06,40000
523,1.5049664625621515e-06,4.2917699261124653e-07,1.4314106238089153e-06,40000
524,1.5051699620016734e-06,4.294731752452208e-07,1.4313473002403043e-06,40000
525,1.4993762533777044e-06,4.24240710117374e-07,1.4271111012931217e-06,39996
526,1.496368327025266e-06,4.24522880848599e-07,1.4239273014027276e-06,39997
527,1.4939803349989234e-06,4.2264704802619246e-07,1.4220210005078116e-06,40000
528,1.4902271914252196e-06,4.229695207413897e-07,1.4180217249304403e-06,39999
529,1.482881089032162e-06,4.203214984954684e-07,1.411029188602697e-06,39999
530,1.4886185226714588e-06,4.2220608520437963e-07,1.4164658068693825e-06,39999
531,1.4803232488702631e-06,4.189104743090866e-07,1.4086257351664244e-06,39999
532,1.481123945268337e-06,4.182204520475352e-07,1.4098695828579366e-06,39998
533,1.481690674154379e-06,4.176748404915998e-07,1.410714389749046e-06,40000
534,1.4751028629689245e-06,4.171545526787668e-07,1.404008685312874e-06,39997
535,1.47277933137957e-06,4.15414348253762e-07,1.4021550214238232e-06,39999
536,1.4719257706019562e-06,4.1485316160105867e-07,1.4014373164172866e-06,39999
537,1.4648361457147985e-06,4.127669228637388e-07,1.3947219485999085e-06,39998
538,1.4585239114239812e-06,4.1166404685100133e-07,1.3883520750823664e-06,39999
539,1.4570055100193713e-06,4.1003676187756366e-07,1.3874026763005531e-06,39999
540,1.4550909099853016e-06,4.105018263089733e-07,1.3851735047865077e-06,39998
541,1.4510445680571138e-06,4.105492621420126e-07,1.380828734909301e-06,39999
542,1.4507902506011303e-06,4.078795257100865e-07,1.3814127441946766e-06,40000
543,1.4495142295345431e-06,4.080965823050065e-07,1.3800090528093278e-06,39998
544,1.4423318361878046e-06,4.0382835209129553e-07,1.3739726227868232e-06,40000
545,1.4430955843636184e-06,4.058301499298978e-07,1.3740263966610655e-06,40000
546,1.4375049204318202e-06,4.024923896395194e-07,1.3691628737433348e-06,40000
547,1.440611526959401e-06,4.029576246011857e-07,1.372276301481179e-06,40000
548,1.433064312550414e-06,4.009339988897409e-07,1.3651082326759931e-06,40000
549,1.430183147022035e-06,3.997042767878156e-07,1.3622990309158922e-06,40000
550,1.425017103429127e-06,3.9757503600412747e-07,1.3577034678746711e-06,39998
551,1.420005901309196e-06,3.97751250602596e-07,1.3523372217605356e-06,40000
552,1.4196872371030622e-06,3.980246390256071e-07,1.3520999573302106e-06,40000
553,1.4129706187304691e-06,3.953446423565765e-07,1.3456798342303955e-06,39998
554,1.4165552784106694e-06,3.961220613746264e-07,1.3492598327502492e-06,39998
555,1.4062628679312184e-06,3.915613149274577e-07,1.3399890121945646e-06,40000
556,1.4039795814824174e-06,3.8982523165032045e-07,1.3380730479184422e-06,40000
557,1.4066209814700414e-06,3.928555258880806e-07,1.3398420151133903e-06,40000
558,1.4011613984621365e-06,3.894783731084317e-07,1.335202227892296e-06,40000
559,1.4014976841281168e-06,3.912327883881517e-07,1.3351153711482766e-06,40000
560,1.3965208154331776e-06,3.881723955601047e-07,1.330941586275003e-06,40000
561,1.391354203406081e-06,3.855501233829273e-07,1.3260926152725006e-06,40000
562,1.390646957588615e-06,3.878643326515885e-07,1.3247197330201743e-06,40000
563,1.3911991345594288e-06,3.8621018916273897e-07,1.3258921853775971e-06,40000
564,1.3858236798114376e-06,3.838175075543404e-07,1.3208499467509682e-06,40000
565,1.3821629636368016e-06,3.8207406305446057e-07,1.317605438089231e-06,40000
566,1.3831318028678652e-06,3.839694784346648e-07,1.3179719644540455e-06,40000
567,1.385221594318864e-06,3.846526510642434e-07,1.3197152384236688e-06,40000
568,1.3843683746017632e-06,3.8408049363170004e-07,1.319310058534029e-06,40000
569,1.3745748219662346e-06,3.804570383181272e-07,1.3100974456392578e-06,40000
570,1.3749563549936283e-06,3.789284335198317e-07,1.311012510996079e-06,40000
571,1.3737071640207432e-06,3.804674406637787e-07,1.3093235793348867e-06,39999
572,1.3685398698726203e-06,3.771805836549902e-07,1.304823967984703e-06,40000
573,1.367514187222696e-06,3.771528156448767e-07,1.3039082205068553e-06,40000
574,1.3621861398860349e-06,3.760518723083806e-07,1.298824827244971e-06,40000
575,1.3558620821640943e-06,3.7591817658721993e-07,1.2921843790536514e-06,40000
576,1.355091967525368e-06,3.726475767962256e-07,1.2923293297717464e-06,39999
577,1.3489366210706066e-06,3.717718755069655e-07,1.286327119487396e-06,40000
578,1.3493810229192604e-06,3.7119536955287913e-07,1.2869392094216892e-06,40000
579,1.3492498283085297e-06,3.708238978106238e-07,1.2867703844676726e-06,40000
580,1.3460158925227006e-06,3.697712145367405e-07,1.2838351040045382e-06,40000
581,1.341565166512737e-06,3.677633628740296e-07,1.2798433317584568e-06,40000
582,1.3418389244179707e-06,3.679242581711152e-07,1.279939169762656e-06,40000
583,1.3422583151623255e-06,3.67843028925563e-07,1.280431433769991e-06,39998
584,1.3359087915887358e-06,3.658277307749813e-07,1.2744393416141977e-06,40000
585,1.333056957264489e-06,3.654841691513866e-07,1.2715346429104102e-06,40000
586,1.3325925465323962e-06,3.656539888652333e-07,1.2709468819593894e-06,40000
587,1.3294053360368707e-06,3.639420356194023e-07,1.268144615096389e-06,40000
588,1.3284314945849474e-06,3.632638652106834e-07,1.2672036291405675e-06,40000
589,1.323555693488743e-06,3.623966904342524e-07,1.2626313719010795e-06,39999
590,1.323101059824694e-06,3.6063678976461233e-07,1.2625614544958808e-06,40000
591,1.3178994322515791e-06,3.592310235944751e-07,1.2574975016832468e-06,40000
592,1.3127100828569382e-06,3.567950841443235e-07,1.253007553714269e-06,40000
593,1.3153700137991109e-06,3.584974876957858e-07,1.2550416386147845e-06,40000
594,1.3137542964614113e-06,3.5735686765292485e-07,1.253670461665024e-06,40000
595,1.3070126669845197e-06,3.543757429724792e-07,1.2475059065764071e-06,40000
596,1.3024813370066113e-06,3.537637951467332e-07,1.2430531342033646e-06,40000
597,1.3079747986921577e-06,3.538624469001661e-07,1.248760099770152e-06,40000
598,1.3032934020884568e-06,3.550466374235839e-07,1.2434181826392887e-06,40000
599,1.3004155334783718e-06,3.524246494635009e-07,1.241154450326576e-06,40000
600,1.2990827826797613e-06,3.51944720478059e-07,1.2398221542753165e-06,40000
601,1.298307665820175e-06,3.52272451209501e-07,1.2390053143462865e-06,40000
602,1.2955523516211542e-06,3.514677189286886e-07,1.2364300800982164e-06,40000
603,1.2898335626232438e-06,3.489141704449139e-07,1.2311779755691532e-06,40000
604,1.2875212860308238e-06,3.471219542916515e-07,1.2293620557102258e-06,40000
605,1.2881919246865436e-06,3.462473046056403e-07,1.230160364684707e-06,40000
606,1.284671498069656e-06,3.469444322945492e-07,1.2263682265256648e-06,40000
607,1.27663622606633e-06,3.424701446874679e-07,1.2192766689622658e-06,40000
608,1.2783654028680758e-06,3.469219791440992e-07,1.2197587011542057e-06,40000
609,1.2774065680787317e-06,3.449051177994989e-07,1.2193283964734292e-06,40000
610,1.2742772241836064e-06,3.436637712184165e-07,1.2164340432718743e-06,39998
611,1.2734709571304847e-06,3.435872883983393e-07,1.215489646710921e-06,40000
612,1.2684033663390435e-06,3.395414580609213e-07,1.2114353467040928e-06,40000
613,1.2725309943562024e-06,3.416699883018737e-07,1.2151840564911254e-06,40000
614,1.2701448213192634e-06,3.394204952655855e-07,1.213349378303974e-06,40000
615,1.2643220088648377e-06,3.392336793694995e-07,1.2072516710759371e-06,40000
616,1.2659854746743804e-06,3.3927545928236214e-07,1.2090914651707865e-06,40000
617,1.2582547697093105e-06,3.3701914503581065e-07,1.201613258672296e-06,40000
618,1.2562652500491822e-06,3.360130449436838e-07,1.1999954949715177e-06,40000
619,1.257548433386546e-06,3.372674086676853e-07,1.2008796375084785e-06,40000
620,1.2522767747213948e-06,3.3438169566579745e-07,1.1961790278292028e-06,40000
621,1.251871594831755e-06,3.34225489950768e-07,1.1958479717577577e-06,40000
622,1.251379899258609e-06,3.3456319670222e-07,1.1951034366575186e-06,40000
623,1.247891077582608e-06,3.317980201700266e-07,1.192387117043836e-06,40000
624,1.2446200798876816e-06,3.314305843105103e-07,1.1892002476088237e-06,40000
625,1.2457493312467705e-06,3.302530160453898e-07,1.1906699910468888e-06,40000
626,1.2385804666337208e-06,3.28346004607738e-07,1.183751123789989e-06,40000
627,1.2384916772134602e-06,3.299928721389733e-07,1.183193603537802e-06,40000
628,1.238880145137955e-06,3.288521384092747e-07,1.18389277758979e-06,40000
629,1.234142928296933e-06,3.2691383466954e-07,1.179555738417548e-06,40000
630,1.2295480473767384e-06,3.2506366665074893e-07,1.175329884972598e-06,40000
631,1.2283225032660994e-06,3.2550650530538405e-07,1.1739734873117411e-06,40000
632,1.2253314025656437e-06,3.238081092149514e-07,1.17141678401822e-06,40000
633,1.2241197282492069e-06,3.230416325550323e-07,1.1703675681928871e-06,40000
634,1.2231670325490995e-06,3.210985539681133e-07,1.1699188462444e-06,40000
635,1.2187846323286069e-06,3.213875459096016e-07,1.1651759450614918e-06,40000
636,1.2173594541309285e-06,3.198054514541582e-07,1.164177774626296e-06,40000
637,1.2168893590569496e-06,3.1983105941435497e-07,1.16381181669567e-06,40000
638,1.212594384014665e-06,3.193319173533382e-07,1.1595217301874072e-06,39999
639,1.2110822353861297e-06,3.1748561468702974e-07,1.1582512797758682e-06,40000
640,1.2053476439177755e-06,3.1545721412840066e-07,1.1529651828823262e-06,40000
641,1.2071892570020282e-06,3.160061794460489e-07,1.154777237388771e-06,39999
642,1.203008764605329e-06,3.140969226933521e-07,1.1508818715810776e-06,40000
643,1.2032585345878033e-06,3.145736116039189e-07,1.1509758905958734e-06,40000
644,1.2011057606287068e-06,3.119398570561316e-07,1.1497232890178566e-06,40000
645,1.1995963404842769e-06,3.127414345271973e-07,1.1477881116661592e-06,40000
646,1.198249492517789e-06,3.110965849373315e-07,1.1469339824543567e-06,40000
647,1.1939930573134916e-06,3.113402158305689e-07,1.1425255479480256e-06,40000
648,1.191776732412109e-06,3.0853919952278375e-07,1.1408131967982629e-06,40000
649,1.188474811897322e-06,3.068811054163234e-07,1.1377919690858107e-06,40000
650,1.1860266795338248e-06,3.059736570776295e-07,1.1356528375472408e-06,40000
651,1.185421410809795e-06,3.050691077532975e-07,1.135162278842472e-06,40000
652,1.1822031638075714e-06,3.0618161872553173e-07,1.1314200492051896e-06,40000
653,1.1823306067526571e-06,3.051223984584795e-07,1.1319942814225217e-06,40000
654,1.1803989536929294e-06,3.051645762752742e-07,1.1299634934403002e-06,39999
655,1.1786853519879514e-06,3.044355025849655e-07,1.1283784715487857e-06,40000
656,1.173279770227964e-06,3.0197745104487694e-07,1.1236609225306893e-06,40000
657,1.1756229696402445e-06,3.014037019966054e-07,1.1260906376264757e-06,40000
658,1.1710917533491738e-06,2.99505899192809e-07,1.1219577800147815e-06,40000
659,1.1677979045998654e-06,2.994726457927755e-07,1.1185753692188882e-06,40000
660,1.1669170589811984e-06,2.981845454996801e-07,1.1179226930835284e-06,40000
661,1.1663457826216472e-06,2.9842559001735935e-07,1.1173075336046168e-06,40000
662,1.161291379503382e-06,2.954834315005428e-07,1.1128670394100482e-06,40000
663,1.160960550805612e-06,2.9482313834705565e-07,1.112779273171327e-06,40000
664,1.1570035667318734e-06,2.9387854283413617e-07,1.1089672398156836e-06,40000
665,1.1562174222490285e-06,2.938450904821366e-07,1.10818950815883e-06,40000
666,1.156781991085154e-06,2.944946402294591e-07,1.108564788410149e-06,40000
667,1.1544143490027636e-06,2.933564928753185e-07,1.1063888223361571e-06,40000
668,1.149972263192467e-06,2.892842871915491e-07,1.1030322184524266e-06,40000
669,1.1472155847513932e-06,2.902291384998535e-07,1.0997263188983195e-06,40000
670,1.1503519772304571e-06,2.902543201344088e-07,1.1029668485207369e-06,40000
671,1.1451236332504775e-06,2.878801410588494e-07,1.098315124181681e-06,40000
672,1.1454013701950316e-06,2.882439389395586e-07,1.098424718293245e-06,40000
673,1.141691882367013e-06,2.875678433156281e-07,1.0948356248263735e-06,40000
674,1.1384722711227369e-06,2.86296199192293e-07,1.0917548252109557e-06,40000
675,1.137122467298468e-06,2.844650737188204e-07,1.0909388947766274e-06,40000
676,1.137976028076082e-06,2.843468394075899e-07,1.091696617550042e-06,40000
677,1.1348399766575312e-06,2.833249652667291e-07,1.0887099506362574e-06,40000
678,1.1319682471366832e-06,2.82228910464255e-07,1.0863241186598316e-06,40000
679,1.1338972853991436e-06,2.820057432018075e-07,1.08831761735928e-06,40000
680,1.1311888101772638e-06,2.808487238326052e-07,1.085789335775189e-06,39996
681,1.1232091310375836e-06,2.782803107947984e-07,1.0781667469927925e-06,40000
682,1.126367806136841e-06,2.791602753404732e-07,1.0814109145940165e-06,40000
683,1.1230663403694052e-06,2.7798949986390653e-07,1.0781322998809628e-06,40000
684,1.1209133390366333e-06,2.7714875727724575e-07,1.0763294540083734e-06,40000
685,1.1198285392310936e-06,2.770758840142662e-07,1.074901888387103e-06,40000
686,1.1186050414835336e-06,2.7476752961774764e-07,1.0744107612481455e-06,40000
687,1.1164227089466294e-06,2.745827316630312e-07,1.0722623073888826e-06,40000
688,1.1113596656286973e-06,2.728098422721814e-07,1.0675544217519928e-06,40000
689,1.1150342515975351e-06,2.731819961354631e-07,1.0712071798479883e-06,40000
690,1.110371954382572e-06,2.719798715133948e-07,1.06660650089907e-06,40000
691,1.111157644118066e-06,2.718171003834869e-07,1.0674989425751846e-06,40000
692,1.1060550377806069e-06,2.695696252885682e-07,1.0628602922224673e-06,40000
693,1.105408045987133e-06,2.698576224702265e-07,1.0620864259180962e-06,40000
694,1.1042251344406395e-06,2.6878117864725937e-07,1.061243665390066e-06,40000
695,1.101608404496801e-06,2.676887049801735e-07,1.058767225003976e-06,40000
696,1.0976294788633822e-06,2.6571726152724295e-07,1.055278403327975e-06,40000
697,1.0994156127708266e-06,2.658983078163147e-07,1.056911060004495e-06,40000
698,1.0956059668387752e-06,2.6456353907633456e-07,1.0534336070122665e-06,40000
699,1.0935322052318952e-06,2.6369556849203946e-07,1.0517319424252491e-06,40000
700,1.0916185146925272e-06,2.621164583160862e-07,1.0498997653485276e-06,40000
701,1.0923212130364846e-06,2.64142727246508e-07,1.0501688620934146e-06,40000
702,1.0861783721338725e-06,2.611867273571989e-07,1.0445490943311595e-06,40000
703,1.0842273923117318e-06,2.612306957416877e-07,1.0425812888570365e-06,40000
704,1.085690200852696e-06,2.593279475604504e-07,1.0447083695908075e-06,40000
705,1.0862175940928864e-06,2.593066312783776e-07,1.0451904017827474e-06,40000
706,1.0839619335456518e-06,2.586778009572299e-07,1.0430783277115552e-06,40000
707,1.0831039389813668e-06,2.606655584713735e-07,1.0415316182843526e-06,40000
708,1.0765210163299344e-06,2.5654406954345177e-07,1.0359882480770466e-06,40000
709,1.07892981304758e-06,2.5647665324868285e-07,1.038475943460071e-06,40000
710,1.0757432846730808e-06,2.55327194054189e-07,1.035396735460381e-06,40000
711,1.0728509778346051e-06,2.535749956678046e-07,1.033008402373525e-06,40000
712,1.0724040748755217e-06,2.538704393373337e-07,1.0323504966436303e-06,40000
713,1.0686816267480026e-06,2.519095687603113e-07,1.0293226750945903e-06,40000
714,1.0674524446585565e-06,2.5182282570312964e-07,1.0278930631102412e-06,40000
715,1.0664091405487852e-06,2.528575180349435e-07,1.02662022527511e-06,40000
716,1.0693105423342786e-06,2.537826446769032e-07,1.0292919796484057e-06,40000
717,1.0643318546499358e-06,2.5106433554356045e-07,1.024842958941008e-06,40000
718,1.0642366987667629e-06,2.514688048904645e-07,1.0245980774925556e-06,40000
719,1.0589752719170065e-06,2.481251613062341e-07,1.0202387557001202e-06,40000
720,1.0567409844952635e-06,2.472454241342348e-07,1.0180864364883746e-06,40000
721,1.058177531376714e-06,2.477579528203933e-07,1.0194731885349029e-06,40000
722,1.0567258641458466e-06,2.4885886773518e-07,1.017622707877308e-06,40000
723,1.054886752172024e-06,2.48874982844427e-07,1.0157206133953878e-06,40000
724,1.050419882631104e-06,2.4531829012630624e-07,1.012213715512189e-06,40000
725,1.0508291552469018e-06,2.460216990129993e-07,1.0123135325557089e-06,40000
726,1.0451549314893782e-06,2.4269692744383065e-07,1.007337687042309e-06,40000
727,1.0427979759697337e-06,2.427117635761533e-07,1.0048777312476886e-06,40000
728,1.0458568340254717e-06,2.421515432615706e-07,1.0082658263854682e-06,40000
729,1.0427577308291802e-06,2.431827965665434e-07,1.004723230835225e-06,40000
730,1.0392884632892674e-06,2.3965938567016565e-07,1.00215572729212e-06,40000
731,1.0373543091191095e-06,2.39700682413968e-07,1.0001705277318251e-06,40000
732,1.0411976063551265e-06,2.406233363672073e-07,1.004001660476206e-06,40000
733,1.0367972436142736e-06,2.392113742644142e-07,9.997876304623787e-07,40000
734,1.0339758773625365e-06,2.3739249854770605e-07,9.973385886041797e-07,40000
735,1.0324431514163734e-06,2.3723256958874122e-07,9.957034308172297e-07,40000
736,1.0294493222318124e-06,2.3597488052473642e-07,9.929427733368357e-07,40000
737,1.029301643029612e-06,2.3509231539264877e-07,9.930711257766234e-07,40000
738,1.0253804703097558e-06,2.348197796209206e-07,9.891913350656978e-07,40000
739,1.0270169923387584e-06,2.3466903087410174e-07,9.90832404568209e-07,40000
740,1.0222879609500524e-06,2.326431882693214e-07,9.866211030384877e-07,40000
741,1.0243101087326067e-06,2.3407692140153813e-07,9.882782023851178e-07,40000
742,1.0204333875662996e-06,2.3310622054850685e-07,9.845466593105812e-07,40000
743,1.0225083997283946e-06,2.3234626667090202e-07,9.868729193840409e-07,40000
744,1.016994133351545e-06,2.308051989530213e-07,9.815785233513452e-07,40000
745,1.016508690554474e-06,2.2982770531143615e-07,9.813584256335162e-07,40000
746,1.0125693279405823e-06,2.287564626612948e-07,9.776035767572466e-07,40000
747,1.011978952192294e-06,2.282575763956629e-07,9.770177484824671e-07,40000
748,1.0103775593961473e-06,2.2793649634422766e-07,9.754159009389696e-07,40000
749,1.009611082736228e-06,2.275769190873689e-07,9.748853244673228e-07,40000
750,1.0081719210575102e-06,2.2579990854865173e-07,9.737632353790104e-07,40000
751,1.007299260891159e-06,2.2616634964833798e-07,9.728953500598436e-07,40000
752,1.006342472464894e-06,2.2537251709309205e-07,9.720009757074877e-07,40000
753,1.005661260933266e-06,2.258404663280089e-07,9.71169356489554e-07,40000
754,1.0008707249653526e-06,2.237180893871482e-07,9.667185167927528e-07,40000
755,9.987239764086553e-07,2.2161417234656253e-07,9.650875654187985e-07,40000
756,1.0009000561694847e-06,2.219513817180996e-07,9.67188043432543e-07,40000
757,9.966688594431616e-07,2.225026207725023e-07,9.627174222259782e-07,40000
758,9.98014456854435e-07,2.2142270950098466e-07,9.644461442803731e-07,40000
759,9.94659103525919e-07,2.191620467328903e-07,9.615573617338669e-07,40000
760,9.926260418069432e-07,2.196456136971392e-07,9.591254865881638e-07,40000
761,9.904900934998295e-07,2.178188225343547e-07,9.573961960995805e-07,40000
762,9.914959946399904e-07,2.1704356356622162e-07,9.586883606971242e-07,40000
763,9.919466492647189e-07,2.171025670349991e-07,9.591352636562078e-07,40000
764,9.884503242574285e-07,2.1684530793208978e-07,9.557777502777751e-07,40000
765,9.865109404927352e-07,2.1552338580477226e-07,9.539926395518703e-07,40000
766,9.869741006696131e-07,2.1547371886754266e-07,9.545231023366796e-07,40000
767,9.824673270486528e-07,2.142827497664257e-07,9.500880651103216e-07,40000
768,9.844799251368386e-07,2.1421371343421927e-07,9.521796187073052e-07,40000
769,9.8188365882379e-07,2.136091410420704e-07,9.496040433987218e-07,40000
770,9.77219997366774e-07,2.1105473990701284e-07,9.455370673094876e-07,40000
771,9.778540288607471e-07,2.1209864087268213e-07,9.459475336370816e-07,40000
772,9.763889465830289e-07,2.118559763175654e-07,9.443920134799556e-07,40000
773,9.764058859218494e-07,2.0982686521620053e-07,9.449971685171476e-07,40000
774,9.71849203779129e-07,2.1007673467465798e-07,9.40171617003216e-07,40000
775,9.72181624092627e-07,2.091069291054737e-07,9.406298318026528e-07,40000
776,9.733034858072642e-07,2.087428043751061e-07,9.419115372111264e-07,40000
777,9.694801974546865e-07,2.064621753561369e-07,9.386121178067696e-07,40000
778,9.699272141006077e-07,2.0729264349483858e-07,9.386431543134676e-07,40000
779,9.701632279757175e-07,2.0731617667024693e-07,9.389273145643527e-07,40000
780,9.687377087175264e-07,2.0737518013902445e-07,9.374895171276876e-07,40000
781,9.676227818999903e-07,2.0601085282123682e-07,9.366631275042892e-07,40000
782,9.672691021478386e-07,2.053122756251469e-07,9.364476341033878e-07,40000
783,9.63955699262442e-07,2.0455772187233379e-07,9.33215233089868e-07,40000
784,9.605847708371584e-07,2.032386134942499e-07,9.301433578912112e-07,40000
785,9.603517128198291e-07,2.0337989781182841e-07,9.298371992372268e-07,40000
786,9.588960665496415e-07,2.0287092183934877e-07,9.28423730783834e-07,40000
787,9.56642452365486e-07,2.0270059053473238e-07,9.261033255825168e-07,40000
788,9.601546935300576e-07,2.0362504926652042e-07,9.296102234657156e-07,40000
789,9.559338423059671e-07,2.0184647553378454e-07,9.257237252313644e-07,40000
790,9.536967127132812e-07,2.0054906713085077e-07,9.236400728696026e-07,40000
791,9.525172686153384e-07,1.9979881926701642e-07,9.22730464480992e-07,40000
792,9.510068252893688e-07,1.9895625769095207e-07,9.212764098265324e-07,40000
793,9.507492109150916e-07,1.989304365679345e-07,9.209712743540875e-07,40000
794,9.492349022366398e-07,1.9818661201043144e-07,9.196513133247208e-07,40000
795,9.486249723522632e-07,1.9778588011831746e-07,9.190537184622372e-07,40000
796,9.486487329013472e-07,1.971055070271177e-07,9.191807635033912e-07,40000
797,9.438953156859498e-07,1.964507561069695e-07,9.146353363576054e-07,40000
798,9.447632578485354e-07,1.9519946192758653e-07,9.157872682408196e-07,40000
799,9.422742550668772e-07,1.9504366832734377e-07,9.132545528700576e-07,40000
800,9.431415151084366e-07,1.95058277085991e-07,9.141602390627668e-07,40000
801,9.4405646677842e-07,1.945339533904189e-07,9.15225598419056e-07,40000
802,9.375401077704736e-07,1.9279143259609557e-07,9.08927972886886e-07,40000
803,9.36375272431178e-07,1.9278921570276003e-07,9.0757953330467e-07,40000
804,9.371106557409804e-07,1.928121378114156e-07,9.084452017305012e-07,40000
805,9.35913419652934e-07,1.915730365453783e-07,9.076594551515882e-07,40000
806,9.35029220272554e-07,1.922681605037724e-07,9.065745416592108e-07,40000
807,9.324198799731676e-07,1.9156533426212266e-07,9.039761721396644e-07,40000
808,9.323134122496412e-07,1.910071887323284e-07,9.040317650033104e-07,40000
809,9.318301295024868e-07,1.913304856770992e-07,9.034323511514232e-07,40000
810,9.294958545069676e-07,1.888185465759307e-07,9.01658836482966e-07,40000
811,9.284266297981958e-07,1.8834869308648197e-07,9.006163281810586e-07,40000
812,9.276929517909592e-07,1.884523186390652e-07,8.999909937301709e-07,40000
813,9.261962077289354e-07,1.866085312940413e-07,8.987594242171326e-07,40000
814,9.268668463846552e-07,1.874404205182145e-07,8.992453786049737e-07,40000
815,9.242812097909336e-07,1.858310554325726e-07,8.97004440503224e-07,40000
816,9.21952903354395e-07,1.845730821514735e-07,8.948590561885794e-07,40000
817,9.20757202038658e-07,1.843084049824029e-07,8.937326470004336e-07,40000
818,9.185492899632665e-07,1.8247841637730747e-07,8.919417950892239e-07,40000
819,9.175600439448316e-07,1.8421434333504294e-07,8.903105594981753e-07,40000
820,9.191871868097224e-07,1.838229763961863e-07,8.921711014409084e-07,40000
821,9.149234756478108e-07,1.8228395504138467e-07,8.881552844286489e-07,40000
822,9.139508847511024e-07,1.8041866667317666e-07,8.874947070580674e-07,40000
823,9.126602549258678e-07,1.8107863297700533e-07,8.861217679623223e-07,40000
824,9.124938173954432e-07,1.808880654152745e-07,8.859653917170363e-07,40000
825,9.139243388744944e-07,1.7948808306300634e-07,8.878300832293462e-07,40000
826,9.086962791116092e-07,1.7796068618736174e-07,8.827759643281752e-07,40000
827,9.08185540993145e-07,1.7809486507758265e-07,8.822531185614935e-07,40000
828,9.075979505723808e-07,1.780547194130122e-07,8.815742376100388e-07,40000
829,9.072208513316582e-07,1.780329341727338e-07,8.811543921183329e-07,40000
830,9.04566434201115e-07,1.7650111772127278e-07,8.788456398178823e-07,40000
831,9.0650422635008e-07,1.7638427607380438e-07,8.808041229713126e-07,40000
832,9.040562645168392e-07,1.758972700827144e-07,8.784051033217111e-07,40000
833,9.009125392367424e-07,1.734561152488823e-07,8.757659202274226e-07,40000
834,9.001378202810884e-07,1.7304702737419578e-07,8.750974416216195e-07,40000
835,9.006184313875565e-07,1.744846827023139e-07,8.752359121899644e-07,40000
836,9.001183229884191e-07,1.7417373499029057e-07,8.747123843022564e-07,40000
837,8.996809128802852e-07,1.7329504942154017e-07,8.745008130972565e-07,40000
838,8.966857762970903e-07,1.717544364510104e-07,8.71830991400202e-07,40000
839,8.947254173108377e-07,1.725511395989088e-07,8.696109148331743e-07,40000
840,8.96210963219346e-07,1.7105571714637338e-07,8.714189903002989e-07,40000
841,8.942665772337932e-07,1.7053194767413518e-07,8.695652695678291e-07,40000
842,8.920110872168152e-07,1.692145872311812e-07,8.675720550854749e-07,40000
843,8.903381285563228e-07,1.6814676939702625e-07,8.660119306114211e-07,40000
844,8.901544674699835e-07,1.682459327412289e-07,8.658344086143188e-07,40000
845,8.893487120076315e-07,1.6806235692001795e-07,8.65143363171228e-07,40000
846,8.889107903087279e-07,1.670835985123631e-07,8.648256084597961e-07,40000
847,8.874334298525355e-07,1.6667928548486088e-07,8.634613095637178e-07,40000
848,8.871758154782583e-07,1.651878989150646e-07,8.63620925883879e-07,40000
849,8.835839935272816e-07,1.6557447679588225e-07,8.597074838689878e-07,40000
850,8.812887699605199e-07,1.6428684546099248e-07,8.577123367103923e-07,40000
851,8.82179392647231e-07,1.634270319073039e-07,8.587650768276944e-07,40000
852,8.817944490147056e-07,1.6403681968313324e-07,8.581529300499824e-07,40000
853,8.789510275164503e-07,1.6297639149343013e-07,8.555723525205394e-07,40000
854,8.788348964117176e-07,1.6237927980000677e-07,8.555971930945816e-07,40000
855,8.770940098656865e-07,1.6079889064712918e-07,8.540903877474193e-07,40000
856,8.737238204048481e-07,1.6014266179809058e-07,8.508172868459951e-07,40000
857,8.756114198149589e-07,1.605453832098647e-07,8.527250088263827e-07,40000
858,8.739588110984187e-07,1.609075610531363e-07,8.508289397468616e-07,40000
859,8.724269378035387e-07,1.5987771462278033e-07,8.495097176819399e-07,40000
860,8.722008146833105e-07,1.5866838509737138e-07,8.495993029100646e-07,40000
861,8.718349704395223e-07,1.5830453037324332e-07,8.491496714668756e-07,40000
862,8.699700515535369e-07,1.5752746662656136e-07,8.474937658320414e-07,40000
863,8.697758175912895e-07,1.582198052574313e-07,8.469802992294717e-07,40000
864,8.690819299772556e-07,1.571450809478847e-07,8.466532221973466e-07,40000
865,8.669069870848034e-07,1.562871858595827e-07,8.446012884633092e-07,40000
866,8.672328704051324e-07,1.5445968415406244e-07,8.454493354292936e-07,40000
867,8.665521704642742e-07,1.5688569021676813e-07,8.440322289970936e-07,40000
868,8.659511649966589e-07,1.5496216576593724e-07,8.438950658273825e-07,40000
869,8.64650417042867e-07,1.5343640313858486e-07,8.42908605136472e-07,40000
870,8.614627517999907e-07,1.5275386999746845e-07,8.396161774726352e-07,40000
871,8.627046099718427e-07,1.5363913519195196e-07,8.407375844399212e-07,40000
872,8.60986858697288e-07,1.5434706313044447e-07,8.387262937503692e-07,40000
873,8.598155432082422e-07,1.510198757159742e-07,8.384330953958852e-07,40000
874,8.577512744523119e-07,1.5049626256313786e-07,8.36316132790671e-07,40000
875,8.562523703403713e-07,1.5125127106330186e-07,8.346203799192153e-07,40000
876,8.566116207475716e-07,1.505158309100807e-07,8.351874498657708e-07,40000
877,8.561212325730594e-07,1.5017579357845534e-07,8.347273592335114e-07,40000
878,8.548859682377952e-07,1.5005230125098026e-07,8.33472540762159e-07,40000
879,8.526972692379786e-07,1.4822450111751098e-07,8.31611544072075e-07,40000
880,8.526682790943596e-07,1.489988363800876e-07,8.314715955748397e-07,40000
881,8.520668188793934e-07,1.4792291835874496e-07,8.311174610753369e-07,40000
882,8.528480179847975e-07,1.4896208710979408e-07,8.316034723065968e-07,40000
883,8.479368034386425e-07,1.4722152741342145e-07,8.269746558653424e-07,40000
884,8.481495115120197e-07,1.4620445654145442e-07,8.274799370155961e-07,40000
885,8.465403880109079e-07,1.461373813071987e-07,8.257656531895918e-07,40000
886,8.458956131107698e-07,1.451330717827659e-07,8.25276345040038e-07,40000
887,8.453742452729784e-07,1.463496772657891e-07,8.244859941441973e-07,40000
888,8.44798591970175e-07,1.4378325374764245e-07,8.244540481427975e-07,40000
889,8.431842388745281e-07,1.4350149513120416e-07,8.229237096202269e-07,40000
890,8.404613254242577e-07,1.42630682375966e-07,8.202161438930489e-07,40000
891,8.443930141766032e-07,1.4343419252327294e-07,8.240282340921112e-07,40000
892,8.402367939197575e-07,1.433493679314779e-07,8.198792897928797e-07,40000
893,8.410563623328926e-07,1.4299500605829962e-07,8.207042014873878e-07,40000
894,8.401706850236224e-07,1.414213386397023e-07,8.202508752219728e-07,40000
895,8.383557315028156e-07,1.4025674488493678e-07,8.187931825887063e-07,40000
896,8.391661481255142e-07,1.4146179694307648e-07,8.192272957785462e-07,40000
897,8.370984119210334e-07,1.4063866160540786e-07,8.172504522008239e-07,40000
898,8.349258564521733e-07,1.388312540484549e-07,8.154646593538928e-07,40000
899,8.334101266882499e-07,1.397339275399645e-07,8.137372446981317e-07,40000
900,8.338516295225418e-07,1.3873018644972038e-07,8.143587706399558e-07,40000
901,8.315152513205248e-07,1.3917498620230617e-07,8.119052381516667e-07,40000
902,8.308317660521425e-07,1.3736246273765573e-07,8.115948162412678e-07,40000
903,8.310042289849662e-07,1.372786471165455e-07,8.11746247109113e-07,40000
904,8.282864314423932e-07,1.3639842677548586e-07,8.091827794487472e-07,40000
905,8.283278134513239e-07,1.3655665043188492e-07,8.092740699794376e-07,40000
906,8.299904834530025e-07,1.376292146915148e-07,8.108251563498925e-07,40000
907,8.255271382040519e-07,1.360050987386785e-07,8.064477015068405e-07,40000
908,8.259671631094534e-07,1.3573881574302504e-07,8.069991963566281e-07,40000
909,8.242661238000437e-07,1.350063314475847e-07,8.052876410147292e-07,40000
910,8.252433758570987e-07,1.3479365179591698e-07,8.06395632935164e-07,40000
911,8.253072110164794e-07,1.3581880864421694e-07,8.062636425165692e-07,40000
912,8.23514994863217e-07,1.3439505153201028e-07,8.048005497585109e-07,40000
913,8.230007324527833e-07,1.3359671413581964e-07,8.044176524890645e-07,40000
914,8.225486567425833e-07,1.3496703843429716e-07,8.035763130465057e-07,40000
915,8.210784017137485e-07,1.3359951367419853e-07,8.023195050554932e-07,40000
916,8.179248993656074e-07,1.329146499529088e-07,7.994193538252148e-07,40000
917,8.194743372769153e-07,1.33145718450578e-07,8.009525913621474e-07,40000
918,8.18359580989636e-07,1.324424516724321e-07,7.999802846825332e-07,40000
919,8.159690310094447e-07,1.310384050157154e-07,7.978655389706546e-07,40000
920,8.146145660248294e-07,1.312617285975648e-07,7.963187158566143e-07,40000
921,8.133674214150233e-07,1.3065731252481785e-07,7.95255402863404e-07,40000
922,8.149589234562882e-07,1.321727864933564e-07,7.965092549966357e-07,40000
923,8.122269719024189e-07,1.310051231939724e-07,7.940871569189767e-07,40000
924,8.130152764351806e-07,1.312663044927831e-07,7.94653033153736e-07,40000
925,8.100705031210964e-07,1.3024171607867174e-07,7.919223889985005e-07,40000
926,8.086750540314824e-07,1.2914881608594442e-07,7.907016197350458e-07,40000
927,8.074686661529995e-07,1.296397300620811e-07,7.894222449067456e-07,40000
928,8.079225040091842e-07,1.293647500233419e-07,7.899625984464365e-07,40000
929,8.081447049335111e-07,1.290726032721068e-07,7.902887659838598e-07,40000
930,8.061057883423928e-07,1.2933152504501777e-07,7.881267265474889e-07,40000
931,8.060932827902434e-07,1.2889562128748366e-07,7.881238843765459e-07,40000
932,8.059813580985065e-07,1.2869993781805533e-07,7.880391308390244e-07,40000
933,8.033815106500697e-07,1.2752548173011746e-07,7.857499895180808e-07,40000
934,8.02710815150931e-07,1.2775215907367965e-07,7.850283623156429e-07,40000
935,8.03328305210016e-07,1.2785443459506496e-07,7.855683747948206e-07,40000
936,8.008532290659787e-07,1.2799536364127564e-07,7.830418553567142e-07,40000
937,7.991846473487385e-07,1.2603837262759046e-07,7.817346840965911e-07,40000
938,7.995777764335799e-07,1.2703844731731806e-07,7.819770644346136e-07,40000
939,7.98193298123806e-07,1.2643714342175374e-07,7.806011126376688e-07,40000
940,7.961639880704752e-07,1.260638669009495e-07,7.787187428220932e-07,40000
941,7.979460292517615e-07,1.265564009145237e-07,7.804559345458983e-07,40000
942,7.947651852191484e-07,1.254631456504285e-07,7.7751286653438e-07,40000
943,7.968938007252291e-07,1.260771114175441e-07,7.795084115969075e-07,40000
944,7.962294716890028e-07,1.256001951333019e-07,7.789759592924383e-07,40000
945,7.958460628287867e-07,1.2632061441308906e-07,7.783352202750393e-07,40000
946,7.912225896689051e-07,1.2423653572568585e-07,7.741853096376872e-07,40000
947,7.901613798821927e-07,1.2327454612659494e-07,7.732745075372804e-07,40000
948,7.867052431720367e-07,1.2357314460587077e-07,7.696431225667766e-07,40000
949,7.898827902863559e-07,1.2377148550513084e-07,7.728116315774969e-07,40000
950,7.875551659708435e-07,1.2317781283854856e-07,7.706304927523888e-07,40000
951,7.86497651006357e-07,1.221336702883491e-07,7.696475563534477e-07,40000
952,7.848197469684237e-07,1.2221100575970922e-07,7.678939937250107e-07,40000
953,7.841475166969758e-07,1.2204256449876993e-07,7.672637707401009e-07,40000
954,7.840319540264318e-07,1.2164157681127108e-07,7.673483537473658e-07,40000
955,7.809790645296744e-07,1.2143786420892866e-07,7.641892239007575e-07,40000
956,7.81537892180495e-07,1.212400064787289e-07,7.648443443031283e-07,40000
957,7.79973788667121e-07,1.2133122595514578e-07,7.630940785929852e-07,40000
958,7.78636717768677e-07,1.210890445690893e-07,7.617939559168008e-07,40000
959,7.78080504915124e-07,1.1960520396314678e-07,7.61558226258785e-07,40000
960,7.774929713377787e-07,1.2043426522723166e-07,7.60785155762278e-07,40000
961,7.771074024276459e-07,1.201905917014301e-07,7.604375014125253e-07,40000
962,7.764236329421692e-07,1.1999863147593717e-07,7.598183628942934e-07,40000
963,7.74004888626223e-07,1.1921771658762736e-07,7.573480615974404e-07,40000
964,7.745083507870731e-07,1.1882174533184299e-07,7.580254077765858e-07,40000
965,7.728876312285138e-07,1.1805941113607334e-07,7.564765382994665e-07,40000
966,7.720052508375375e-07,1.1780316810927617e-07,7.557277967862319e-07,40000
967,7.736667839708389e-07,1.192570096009149e-07,7.569886406599835e-07,40000
968,7.709263627475593e-07,1.1786872988750476e-07,7.545125413344067e-07,40000
969,7.69691951063578e-07,1.173328172399124e-07,7.533200800935447e-07,40000
970,7.703472419962054e-07,1.1705808589113077e-07,7.54080360820808e-07,40000
971,7.685887908337463e-07,1.1753173367878845e-07,7.521895781792409e-07,40000
972,7.668307944186381e-07,1.176225055132818e-07,7.503368237848917e-07,40000
973,7.683256626478396e-07,1.1678923783620121e-07,7.520720259890368e-07,40000
974,7.667691193091741e-07,1.1719293269152332e-07,7.504181667172816e-07,40000
975,7.669524961784191e-07,1.177395319018615e-07,7.503978167733294e-07,40000
976,7.635644578840584e-07,1.159886693358203e-07,7.474617973457498e-07,40000
977,7.649405233678408e-07,1.1713720482475765e-07,7.48597017263819e-07,40000
978,7.623663123013102e-07,1.1644025477153265e-07,7.461113114004547e-07,40000
979,7.624576028320007e-07,1.15792310850793e-07,7.463337965418759e-07,40000
980,7.585379080410348e-07,1.1630160656750377e-07,7.422108865284827e-07,40000
981,7.596679552079877e-07,1.1555179924016556e-07,7.43473890452151e-07,40000
982,7.586507990708924e-07,1.1550230993861989e-07,7.424205819006602e-07,40000
983,7.581538739032112e-07,1.1523605536467585e-07,7.419545227094204e-07,40000
984,7.570357070108003e-07,1.1515351872048997e-07,7.409241788991494e-07,40000
985,7.557039225503104e-07,1.147069994544836e-07,7.396120622615854e-07,40000
986,7.545915536866232e-07,1.1455373538638015e-07,7.385314120256226e-07,40000
987,7.5462065751708e-07,1.1462277882401398e-07,7.384647346952988e-07,40000
988,7.545309586021176e-07,1.1387645315608097e-07,7.387055802610121e-07,40000
989,7.518489155700081e-07,1.1447519909779659e-07,7.356973128480604e-07,40000
990,7.524428156102658e-07,1.16114378556631e-07,7.360053473348671e-07,40000
991,7.503683150389406e-07,1.1413815315108877e-07,7.342727599279897e-07,40000
992,7.510586783610051e-07,1.1437973057581985e-07,7.350155897256627e-07,40000
993,7.486490858354955e-07,1.139958385465434e-07,7.325563728954876e-07,40000
994,7.493048883588926e-07,1.1440781122473709e-07,7.330503990488069e-07,40000
995,7.4868279398288e-07,1.128795545923822e-07,7.32826549665333e-07,40000
996,7.483599233637506e-07,1.1486094564361339e-07,7.32033868189319e-07,40000
997,7.464162194992241e-07,1.1480173611744249e-07,7.300620268324565e-07,40000
998,7.459990456482046e-07,1.1360439344798581e-07,7.298663717847376e-07,40000
999,7.449416443705559e-07,1.1216665996016673e-07,7.290664711945283e-07,40000
1000,7.445616461154714e-07,1.123729944652041e-07,7.285712513294129e-07,40000
